占쏙옙품占쏙옙호,占쏙옙품占쏙옙,占쏙옙占쏙옙
PB0001,LED 블럭바 12V 50mm 전구색(3000K),0
PB0002,LED 블럭바 12V 100mm 전구색(3000K),0
PB0003,LED 블럭바 12V 200mm 전구색(3000K),0
PB0004,LED 블럭바 12V 300mm 전구색(3000K),0
PB0005,LED 블럭바 12V 400mm 전구색(3000K),0
PB0006,LED 블럭바 12V 500mm 전구색(3000K),0
PB0007,LED 블럭바 12V 1000mm 전구색(3000K),0
PB0007_1,LED 블럭바 12V 1000mm 중간케이블형 전구색(3000K),0
PB0008,LED 블럭바 12V 50mm 주백색(4000K),0
PB0009,LED 블럭바 12V 100mm 주백색(4000K),0
PB0010,LED 블럭바 12V 200mm 주백색(4000K),0
PB0011,LED 블럭바 12V 300mm 주백색(4000K),0
PB0012,LED 블럭바 12V 400mm 주백색(4000K),0
PB0013,LED 블럭바 12V 500mm 주백색(4000K),0
PB0014,LED 블럭바 12V 1000mm 주백색(4000K),0
PB0014_1,LED 블럭바 12V 1000mm 중간케이블형 주백색(4000K),0
PB0015,LED 블럭바 12V 50mm 주광색(6000K),0
PB0016,LED 블럭바 12V 100mm 주광색(6000K),0
PB0017,LED 블럭바 12V 200mm 주광색(6000K),0
PB0018,LED 블럭바 12V 300mm 주광색(6000K),0
PB0019,LED 블럭바 12V 400mm 주광색(6000K),0
PB0020,LED 블럭바 12V 500mm 주광색(6000K),0
PB0021,LED 블럭바 12V 1000mm 주광색(6000K),0
PB0021_1,LED 블럭바 12V 1000mm 중간케이블형 주광색(6000K),0
PB0022,LED 블럭바 전원커넥터 1M,0
PB0023,LED 블럭바 전원커넥터 2M,0
PB0024,LED 블럭바 연결커넥터 5cm,0
PB0025,LED 블럭바 연결커넥터 20cm,0
PB0026,LED 블럭바 연결커넥터 수평연결(가로형),0
PB0027,LED 블럭바 연결커넥터 수직연결(세로형),0
PB0028,LED 블럭바 연결커넥터 고정클립(피스형),0
PB0029,LED 블럭바 연결커넥터 고정클립(양면테이프형),0
PB0030,LED 블럭바커버 유백 아크릴커버 1M,0
PB0031,LED 블럭바커버 코너 각대,0
PB0032,LED 블럭바커버 코너 각대 고정클립,0
PB0033,남영 3인치 확산형 슬림7 전구색(3000K),0
PB0034,남영 3인치 확산형 슬림7 주백색(4000K),0
PB0035,남영 3인치 확산형 슬림7 주광색(5700K),0
PB0036,LED 2인치 다운라이트 9505 전구색(3000K),-
PB0037,LED 2인치 다운라이트 9505 주백색(4000K),-
PB0038,LED 2인치 다운라이트 9505 주광색(6000K),-
PB0039,LED 2인치 미니다운라이트 9937 전구색(3000K),-
PB0040,LED 2인치 미니다운라이트 9937 주백색(4000K),-
PB0041,LED 2인치 미니다운라이트 9937 주광색(5700K),-
PB0042,LED 3인치 슬림테 움푹 다운라이트 9131 전구색(3000K),-
PB0043,LED 3인치 슬림테 움푹 다운라이트 9131 주백색(4000K),-
PB0044,LED 3인치 슬림테 움푹 다운라이트 9131 주광색(5700K),-
PB0045,LED 움푹 미니다운라이트 9928 전구색(3000K),-
PB0046,LED 움푹 미니다운라이트 9928 주백색(4000K),-
PB0047,LED 움푹 미니다운라이트 9928 주광색(5700K),-
PB0048,LED 슬림테 움푹 미니다운라이트 9926 전구색(3000K),-
PB0049,LED 슬림테 움푹 미니다운라이트 9926 주백색(4000K),-
PB0050,LED 슬림테 움푹 미니다운라이트 9926 주광색(5700K),-
PB0051,LED 움푹 미니다운라이트 9916 전구색(3000K),-
PB0052,LED 움푹 미니다운라이트 9916 주백색(4000K),-
PB0053,LED 움푹 미니다운라이트 9916 주광색(5700K),-
PB0054,LED 움푹 미니다운라이트 9281 전구색(3000K),-
PB0055,LED 움푹 미니다운라이트 9281 주백색(4000K),-
PB0056,LED 움푹 미니다운라이트 9281 주광색(5700K),-
PB0057,LED 3인치 다운라이트 9132 전구색(3000K),-
PB0058,LED 3인치 다운라이트 9132 주백색(4000K),-
PB0059,LED 3인치 다운라이트 9132 주광색(5700K),-
PB0060,LED 2인치 슬림테 움푹 다운라이트 9282 전구색(3000K),-
PB0061,LED 2인치 슬림테 움푹 다운라이트 9282 주백색(4000K),-
PB0062,LED 2인치 슬림테 움푹 다운라이트 9282 주광색(5700K),-
PB0063,LED 3인치 다운라이트 9133 전구색(3000K),-
PB0064,LED 3인치 다운라이트 9133 주백색(4000K),-
PB0065,LED 3인치 다운라이트 9133 주광색(5700K),-
PB0066,SH 원통 디밍형 화이트 전구색(3000K),0
PB0067,SH 원통 디밍형 화이트 주백색(4000K),0
PB0068,SH 원통 디밍형 화이트 주광색(5700K),0
PB0069,SH 원통 디밍형 블랙 전구색(3000K),0
PB0070,SH 원통 디밍형 블랙 주백색(4000K),0
PB0071,SH 원통 디밍형 블랙 주광색(5700K),0
PB0072,텔트론 히든센서 오토온미니,0
PB0073,SSR,0
PB0075,룩스램 LED PAR30 집중형 전구색(3000K),0
PB0076,룩스램 LED PAR30 집중형 주백색(4000K),0
PB0077,룩스램 LED PAR30 집중형 주광색(5700K),0
PB0078,룩스램 LED PAR30 확산형 전구색(3000K),0
PB0079,룩스램 LED PAR30 확산형 주백색(4000K),0
PB0080,룩스램 LED PAR30 확산형 주광색(5700K),0
PB0081,룩스램 에어룩스 실링팬 바디 화이트 +날개우드,-
PB0082,룩스램 에어룩스 실링팬 바디 화이트 +날개화이트,-
PB0083,룩스램 에어룩스 실링팬 조명,-
PB0084,-,-
PB0085,LED 뉴필터 에디슨전구 A60,0
PB0086,LED 뉴필터 에디슨전구 T32,0
PB0087,LED 뉴필터 에디슨전구 ST64,0
PB0088,LED 뉴필터 에디슨전구 G95,0
PB0089,LED 뉴필터 에디슨전구 G125,0
PB0090,남영 3인치 미니7 슬림테 확산형 다운라이트 전구색(3000K),0
PB0091,남영 3인치 미니7 슬림테 확산형 다운라이트 주백색(4000K),0
PB0092,남영 3인치 미니7 슬림테 확산형 다운라이트 주광색(5700K),0
PB0093,남영 2인치 미니6 슬림테 확산형 다운라이트 전구색(3000K),0
PB0094,남영 2인치 미니6 슬림테 확산형 다운라이트 주백색(4000K),0
PB0095,남영 2인치 미니6 슬림테 확산형 다운라이트 주광색(5700K),0
PB0096,룩스램 4인치 다운라이트 전구색(3000K),0
PB0097,룩스램 4인치 다운라이트 주백색(4000K),0
PB0098,룩스램 4인치 다운라이트 주광색(6500K),0
PB0099,룩스램 3인치 다운라이트 전구색(3000K),0
PB0100,룩스램 3인치 다운라이트 주백색(4000K),0
PB0101,룩스램 3인치 다운라이트 주광색(6500K),0
PB0102,트림리스 베이스판 1구,0
PB0103,트림리스 베이스판 2구,0
PB0104,트림리스 베이스판 3구,0
PB0105,트림리스 MR16 전구색(3000K),0
PB0106,트림리스 MR16 주백색(4000K),0
PB0107,트림리스 MR16 주광색(6500K),0
PB0108,트림리스 MR 램프용 안정기,0
PB0109,룩스램 LED MR11 전구색(3000K),0
PB0110,SH실린더 숏타입 전구색(3000K) W_화이트,0
PB0111,SH실린더 숏타입 주백색(4000K) 4K_화이트,0
PB0112,SH실린더 숏타입 주광색(5700K) C_화이트,0
PB0113,SH실린더 롱타입 전구색(3000K) W_화이트,0
PB0114,SH실린더 롱타입 주백색(4000K) 4K_화이트,0
PB0115,SH실린더 롱타입 주광색(5700K) C_화이트,0
PB0116,SH실린더 숏타입 전구색(3000K) W_블랙,0
PB0117,SH실린더 숏타입 주백색(4000K) 4K_블랙,0
PB0118,SH실린더 숏타입 주광색(5700K) C_블랙,0
PB0119,SH 3인치 다운라이트 전구색(3000K)_디밍용,0
PB0120,SH 3인치 다운라이트 주백색(4000K)_디밍용,0
PB0121,SH 3인치 다운라이트 주광색(5700K)_디밍용,0
PB0122,SH 2인치 다운라이트 전구색(3000K),0
PB0123,SH 2인치 다운라이트 주백색(4000K),0
PB0124,SH 2인치 다운라이트 주광색(5700K),0
PB0125,SH 4인치 다운라이트 전구색(3000K),0
PB0126,SH 4인치 다운라이트 주백색(4000K),0
PB0127,SH 4인치 다운라이트 주광색(5700K),0
PB0128,SH 3인치 다운라이트 전구색(3000K),0
PB0129,SH 3인치 다운라이트 주백색(4000K),0
PB0130,SH 3인치 다운라이트 주광색(5700K),0
PB0131,르그랑 조광기 아테오 화이트 300W+스위치,0
PB0132,르그랑 조광기 아테오 화이트 500W,0
PB0133,르그랑 조광기 아테오 소프트알루 300W+스위치,0
PB0134,르그랑 조광기 아테오 소프트알루 500W,0
PB0135,르그랑 조광기 아테오 마그네슘 300W+스위치,0
PB0136,르그랑 조광기 아테오 마그네슘 500W,0
PB0137,르그랑 조광기 아테오 샴페인 300W+스위치,0
PB0138,르그랑 조광기 아테오 샴페인 500W,0
PB0139,르그랑 조광기 아테오 그라파이트 300W+스위치,0
PB0140,르그랑 조광기 아테오 그라파이트 500W,0
PB0141,르그랑 조광기 아테오 다크브론즈 300W+스위치,0
PB0142,르그랑 조광기 아테오 다크브론즈 500W,0
PB0143,르그랑 유럽형 전용 매입박스 2모듈 스틸박스,0
PB0144,르그랑 유럽형 전용 매입박스 4모듈 스틸박스,0
PB0145,르그랑 유럽형 전용 매입박스 6~8모듈 스틸박스,0
PB0146,르그랑 유럽형 아테오 화이트 1구스위치,0
PB0147,르그랑 유럽형 아테오 화이트 1구3로스위치,0
PB0148,르그랑 유럽형 아테오 화이트 1구스위치(일괄소등),0
PB0149,르그랑 유럽형 아테오 화이트 2구스위치,0
PB0150,르그랑 유럽형 아테오 화이트 2구3로스위치,0
PB0151,르그랑 유럽형 아테오 화이트 2구스위치(우측만3로),0
PB0152,르그랑 유럽형 아테오 화이트 2구스위치(우측팬마크),0
PB0153,르그랑 유럽형 아테오 화이트 3구스위치(4M),0
PB0153_1,르그랑 유럽형 아테오 화이트 3구스위치(3M),0
PB0153_2,르그랑 유럽형 아테오 화이트 3구스위치(2M),0
PB0154,르그랑 유럽형 아테오 화이트 3구(1로2구+3로1구)(4M),0
PB0154_1,르그랑 유럽형 아테오 화이트 3구(1로2구+3로1구)(3M),0
PB0155,르그랑 유럽형 아테오 화이트 3구스위치(우측만3로),0
PB0156,르그랑 유럽형 아테오 화이트 3구스위치(우측팬마크),0
PB0157,르그랑 유럽형 아테오 화이트 4구스위치,0
PB0158,르그랑 유럽형 아테오 화이트 4구스위치(우측만3로),0
PB0159,르그랑 유럽형 아테오 화이트 4구스위치(우측팬마크),0
PB0160,르그랑 유럽형 아테오 화이트 5구스위치,0
PB0161,르그랑 유럽형 아테오 화이트 5구스위치(우측만3로),0
PB0162,르그랑 유럽형 아테오 화이트 5구스위치(우측팬마크),0
PB0163,르그랑 유럽형 아테오 화이트 6구스위치,0
PB0164,르그랑 유럽형 아테오 화이트 6구스위치(우측만3로),0
PB0165,르그랑 유럽형 아테오 화이트 6구스위치(우측팬마크),0
PB0166,르그랑 유럽형 아테오 화이트 7구스위치,0
PB0167,르그랑 유럽형 아테오 화이트 7구스위치(우측만3로),0
PB0168,르그랑 유럽형 아테오 화이트 7구스위치(우측팬마크),0
PB0169,르그랑 유럽형 아테오 화이트 8구스위치,0
PB0170,르그랑 유럽형 아테오 화이트 8구스위치(우측만3로),0
PB0171,르그랑 유럽형 아테오 화이트 8구스위치(우측팬마크),0
PB0172,르그랑 유럽형 아테오 화이트 1구콘센트,0
PB0173,르그랑 유럽형 아테오 화이트 방우 1구콘센트,0
PB0174,르그랑 유럽형 아테오 화이트 2구콘센트,0
PB0175,르그랑 유럽형 아테오 화이트 방우 2구콘센트,0
PB0176,르그랑 유럽형 아테오 화이트 3구콘센트,0
PB0177,르그랑 유럽형 아테오 화이트 방우 3구콘센트,0
PB0178,르그랑 유럽형 아테오 화이트 4구콘센트,0
PB0179,르그랑 유럽형 아테오 화이트 방우 4구콘센트,0
PB0180,르그랑 유럽형 아테오 화이트 1구콘센트+1구스위치,0
PB0181,르그랑 유럽형 아테오 화이트 1구콘센트(방우)+1구스위치,0
PB0182,르그랑 유럽형 아테오 화이트 1구콘센트+2구스위치,0
PB0183,르그랑 유럽형 아테오 화이트 1구콘센트(방우)+2구스위치,0
PB0184,르그랑 유럽형 아테오 화이트 1구콘센트+USB1구+1구스위치,0
PB0185,르그랑 유럽형 아테오 화이트 1구콘센트(방우)+USB1구+1구스위치,0
PB0186,르그랑 유럽형 아테오 화이트 1구콘센트+USB2구,0
PB0187,르그랑 유럽형 아테오 화이트 1구콘센트(방우)+USB2구,0
PB0188,르그랑 유럽형 아테오 화이트 1구콘센트+USB2구+1구스위치,0
PB0189,르그랑 유럽형 아테오 화이트 1구콘센트(방우)+USB2구+1구스위치,0
PB0190,르그랑 유럽형 아테오 화이트 1구콘센트+USB2구+2구스위치,0
PB0191,르그랑 유럽형 아테오 화이트 1구콘센트(방우)+USB2구+2구스위치,0
PB0192,르그랑 유럽형 아테오 화이트 1구콘센트+8P 1구,0
PB0193,르그랑 유럽형 아테오 화이트 1구콘센트+8P 2구,0
PB0194,르그랑 유럽형 아테오 화이트 1구콘센트+TV 1구+8P 1구,0
PB0195,르그랑 유럽형 아테오 화이트 1구콘센트+TV 1구+8P 2구,0
PB0196,르그랑 유럽형 아테오 화이트 1구콘센트+USB2구+TV 1구+8P 1구,0
PB0197,르그랑 유럽형 아테오 화이트 2구콘센트+1구스위치,0
PB0198,르그랑 유럽형 아테오 화이트 2구콘센트(방우)+1구스위치,0
PB0199,르그랑 유럽형 아테오 화이트 2구콘센트+2구스위치,0
PB0200,르그랑 유럽형 아테오 화이트 2구콘센트(방우)+2구스위치,0
PB0201,르그랑 유럽형 아테오 화이트 2구콘센트+USB1구+1구스위치,0
PB0202,르그랑 유럽형 아테오 화이트 2구콘센트(방우)+USB1구+1구스위치,0
PB0203,르그랑 유럽형 아테오 화이트 2구콘센트+USB2구,0
PB0204,르그랑 유럽형 아테오 화이트 2구콘센트(방우)+USB2구,0
PB0205,르그랑 유럽형 아테오 화이트 2구콘센트+8P 1구,0
PB0206,르그랑 유럽형 아테오 화이트 2구콘센트+8P 2구,0
PB0207,르그랑 유럽형 아테오 화이트 2구콘센트+TV 1구+8P 1구,0
PB0208,르그랑 유럽형 아테오 화이트 2구콘센트+TV 1구+8P 2구,0
PB0209,르그랑 유럽형 아테오 화이트 2구콘센트+USB1구+TV 1구+8P 2구,0
PB0210,르그랑 유럽형 아테오 화이트 3구콘센트+8P 1구,0
PB0211,르그랑 유럽형 아테오 화이트 3구콘센트+8P 2구,0
PB0212,르그랑 유럽형 아테오 화이트 3구콘센트+TV 1구+8P 1구,0
PB0213,르그랑 유럽형 아테오 화이트 인터넷8P 1구,0
PB0214,르그랑 유럽형 아테오 화이트 인터넷8P 2구,0
PB0215,르그랑 유럽형 아테오 화이트 CATV 2방 1구,0
PB0216,르그랑 유럽형 아테오 화이트 CATV 2방 1구+8P 1구,0
PB0217,르그랑 유럽형 아테오 화이트 CATV 2방 1구+8P 2구,0
PB0218,르그랑 유럽형 아테오 펄알루 1구스위치,0
PB0219,르그랑 유럽형 아테오 펄알루 1구3로스위치,0
PB0220,르그랑 유럽형 아테오 펄알루 1구스위치(일괄소등),0
PB0221,르그랑 유럽형 아테오 펄알루 2구스위치,0
PB0222,르그랑 유럽형 아테오 펄알루 2구3로스위치,0
PB0223,르그랑 유럽형 아테오 펄알루 2구스위치(우측만3로),0
PB0224,르그랑 유럽형 아테오 펄알루 2구스위치(우측팬마크),0
PB0225,르그랑 유럽형 아테오 펄알루 3구스위치,0
PB0226,르그랑 유럽형 아테오 펄알루 3구3로스위치,0
PB0227,르그랑 유럽형 아테오 펄알루 3구스위치(우측만3로),0
PB0228,르그랑 유럽형 아테오 펄알루 3구스위치(우측팬마크),0
PB0229,르그랑 유럽형 아테오 펄알루 4구스위치,0
PB0230,르그랑 유럽형 아테오 펄알루 4구스위치(우측만3로),0
PB0231,르그랑 유럽형 아테오 펄알루 4구스위치(우측팬마크),0
PB0232,르그랑 유럽형 아테오 펄알루 5구스위치,0
PB0233,르그랑 유럽형 아테오 펄알루 5구스위치(우측만3로),0
PB0234,르그랑 유럽형 아테오 펄알루 5구스위치(우측팬마크),0
PB0235,르그랑 유럽형 아테오 펄알루 6구스위치,0
PB0236,르그랑 유럽형 아테오 펄알루 6구스위치(우측만3로),0
PB0237,르그랑 유럽형 아테오 펄알루 6구스위치(우측팬마크),0
PB0238,르그랑 유럽형 아테오 펄알루 7구스위치,0
PB0239,르그랑 유럽형 아테오 펄알루 7구스위치(우측만3로),0
PB0240,르그랑 유럽형 아테오 펄알루 7구스위치(우측팬마크),0
PB0241,르그랑 유럽형 아테오 펄알루 8구스위치,0
PB0242,르그랑 유럽형 아테오 펄알루 8구스위치(우측만3로),0
PB0243,르그랑 유럽형 아테오 펄알루 8구스위치(우측팬마크),0
PB0244,르그랑 유럽형 아테오 펄알루 1구콘센트,0
PB0245,르그랑 유럽형 아테오 펄알루 방우 1구콘센트,0
PB0246,르그랑 유럽형 아테오 펄알루 2구콘센트,0
PB0247,르그랑 유럽형 아테오 펄알루 방우 2구콘센트,0
PB0248,르그랑 유럽형 아테오 펄알루 3구콘센트,0
PB0249,르그랑 유럽형 아테오 펄알루 방우 3구콘센트,0
PB0250,르그랑 유럽형 아테오 펄알루 4구콘센트,0
PB0251,르그랑 유럽형 아테오 펄알루 방우 4구콘센트,0
PB0252,르그랑 유럽형 아테오 펄알루 1구콘센트+1구스위치,0
PB0253,르그랑 유럽형 아테오 펄알루 1구콘센트(방우)+1구스위치,0
PB0254,르그랑 유럽형 아테오 펄알루 1구콘센트+2구스위치,0
PB0255,르그랑 유럽형 아테오 펄알루 1구콘센트(방우)+2구스위치,0
PB0256,르그랑 유럽형 아테오 펄알루 1구콘센트+USB1구+1구스위치,0
PB0257,르그랑 유럽형 아테오 펄알루 1구콘센트(방우)+USB1구+1구스위치,0
PB0258,르그랑 유럽형 아테오 펄알루 1구콘센트+USB2구,0
PB0259,르그랑 유럽형 아테오 펄알루 1구콘센트(방우)+USB2구,0
PB0260,르그랑 유럽형 아테오 펄알루 1구콘센트+USB2구+1구스위치,0
PB0261,르그랑 유럽형 아테오 펄알루 1구콘센트(방우)+USB2구+1구스위치,0
PB0262,르그랑 유럽형 아테오 펄알루 1구콘센트+USB2구+2구스위치,0
PB0263,르그랑 유럽형 아테오 펄알루 1구콘센트(방우)+USB2구+2구스위치,0
PB0264,르그랑 유럽형 아테오 펄알루 1구콘센트+8P 1구,0
PB0265,르그랑 유럽형 아테오 펄알루 1구콘센트+8P 2구,0
PB0266,르그랑 유럽형 아테오 펄알루 1구콘센트+TV 1구+8P 1구,0
PB0267,르그랑 유럽형 아테오 펄알루 1구콘센트+TV 1구+8P 2구,0
PB0268,르그랑 유럽형 아테오 펄알루 1구콘센트+USB2구+TV 1구+8P 1구,0
PB0269,르그랑 유럽형 아테오 펄알루 2구콘센트+1구스위치,0
PB0270,르그랑 유럽형 아테오 펄알루 2구콘센트(방우)+1구스위치,0
PB0271,르그랑 유럽형 아테오 펄알루 2구콘센트+2구스위치,0
PB0272,르그랑 유럽형 아테오 펄알루 2구콘센트(방우)+2구스위치,0
PB0273,르그랑 유럽형 아테오 펄알루 2구콘센트+USB1구+1구스위치,0
PB0274,르그랑 유럽형 아테오 펄알루 2구콘센트(방우)+USB1구+1구스위치,0
PB0275,르그랑 유럽형 아테오 펄알루 2구콘센트+USB2구,0
PB0276,르그랑 유럽형 아테오 펄알루 2구콘센트(방우)+USB2구,0
PB0277,르그랑 유럽형 아테오 펄알루 2구콘센트+8P 1구,0
PB0278,르그랑 유럽형 아테오 펄알루 2구콘센트+8P 2구,0
PB0279,르그랑 유럽형 아테오 펄알루 2구콘센트+TV 1구+8P 1구,0
PB0280,르그랑 유럽형 아테오 펄알루 2구콘센트+TV 1구+8P 2구,0
PB0281,르그랑 유럽형 아테오 펄알루 2구콘센트+USB1구+TV 1구+8P 2구,0
PB0282,르그랑 유럽형 아테오 펄알루 3구콘센트+8P 1구,0
PB0283,르그랑 유럽형 아테오 펄알루 3구콘센트+8P 2구,0
PB0284,르그랑 유럽형 아테오 펄알루 3구콘센트+TV 1구+8P 1구,0
PB0285,르그랑 유럽형 아테오 펄알루 인터넷8P 1구,0
PB0286,르그랑 유럽형 아테오 펄알루 인터넷8P 2구,0
PB0287,르그랑 유럽형 아테오 펄알루 CATV 2방 1구,0
PB0288,르그랑 유럽형 아테오 펄알루 CATV 2방 1구+8P 1구,0
PB0289,르그랑 유럽형 아테오 펄알루 CATV 2방 1구+8P 2구,0
PB0290,르그랑 유럽형 아테오 샴페인 1구 스위치,0
PB0291,르그랑 유럽형 아테오 샴페인 1구3로스위치,0
PB0292,르그랑 유럽형 아테오 샴페인 1구스위치(일괄소등),0
PB0293,르그랑 유럽형 아테오 샴페인 2구스위치,0
PB0294,르그랑 유럽형 아테오 샴페인 2구3로스위치,0
PB0295,르그랑 유럽형 아테오 샴페인 2구스위치(우측만3로),0
PB0296,르그랑 유럽형 아테오 샴페인 2구스위치(우측팬마크),0
PB0297,르그랑 유럽형 아테오 샴페인 3구스위치,0
PB0298,르그랑 유럽형 아테오 샴페인 3구3로스위치,0
PB0299,르그랑 유럽형 아테오 샴페인 3구스위치(우측만3로),0
PB0300,르그랑 유럽형 아테오 샴페인 3구스위치(우측팬마크),0
PB0301,르그랑 유럽형 아테오 샴페인 4구스위치,0
PB0302,르그랑 유럽형 아테오 샴페인 4구스위치(우측만3로),0
PB0303,르그랑 유럽형 아테오 샴페인 4구스위치(우측팬마크),0
PB0304,르그랑 유럽형 아테오 샴페인 5구스위치,0
PB0305,르그랑 유럽형 아테오 샴페인 5구스위치(우측만3로),0
PB0306,르그랑 유럽형 아테오 샴페인 5구스위치(우측팬마크),0
PB0307,르그랑 유럽형 아테오 샴페인 6구스위치,0
PB0308,르그랑 유럽형 아테오 샴페인 6구스위치(우측만3로),0
PB0309,르그랑 유럽형 아테오 샴페인 6구스위치(우측팬마크),0
PB0310,르그랑 유럽형 아테오 샴페인 7구스위치,0
PB0311,르그랑 유럽형 아테오 샴페인 7구스위치(우측만3로),0
PB0312,르그랑 유럽형 아테오 샴페인 7구스위치(우측팬마크),0
PB0313,르그랑 유럽형 아테오 샴페인 8구스위치,0
PB0314,르그랑 유럽형 아테오 샴페인 8구스위치(우측만3로),0
PB0315,르그랑 유럽형 아테오 샴페인 8구스위치(우측팬마크),0
PB0316,르그랑 유럽형 아테오 샴페인 1구콘센트,0
PB0317,르그랑 유럽형 아테오 샴페인 방우 1구콘센트,0
PB0318,르그랑 유럽형 아테오 샴페인 2구콘센트,0
PB0319,르그랑 유럽형 아테오 샴페인 방우 2구콘센트,0
PB0320,르그랑 유럽형 아테오 샴페인 3구콘센트,0
PB0321,르그랑 유럽형 아테오 샴페인 방우 3구콘센트,0
PB0322,르그랑 유럽형 아테오 샴페인 4구콘센트,0
PB0323,르그랑 유럽형 아테오 샴페인 방우 4구콘센트,0
PB0324,르그랑 유럽형 아테오 샴페인 1구콘센트+1구스위치,0
PB0325,르그랑 유럽형 아테오 샴페인 1구콘센트(방우)+1구스위치,0
PB0326,르그랑 유럽형 아테오 샴페인 1구콘센트+2구스위치,0
PB0327,르그랑 유럽형 아테오 샴페인 1구콘센트(방우)+2구스위치,0
PB0328,르그랑 유럽형 아테오 샴페인 1구콘센트+USB1구+1구스위치,0
PB0329,르그랑 유럽형 아테오 샴페인 1구콘센트(방우)+USB1구+1구스위치,0
PB0330,르그랑 유럽형 아테오 샴페인 1구콘센트+USB2구,0
PB0331,르그랑 유럽형 아테오 샴페인 1구콘센트(방우)+USB2구,0
PB0332,르그랑 유럽형 아테오 샴페인 1구콘센트+USB2구+1구스위치,0
PB0333,르그랑 유럽형 아테오 샴페인 1구콘센트(방우)+USB2구+1구스위치,0
PB0334,르그랑 유럽형 아테오 샴페인 1구콘센트+USB2구+2구스위치,0
PB0335,르그랑 유럽형 아테오 샴페인 1구콘센트(방우)+USB2구+2구스위치,0
PB0336,르그랑 유럽형 아테오 샴페인 1구콘센트+8P 1구,0
PB0337,르그랑 유럽형 아테오 샴페인 1구콘센트+8P 2구,0
PB0338,르그랑 유럽형 아테오 샴페인 1구콘센트+TV 1구+8P 1구,0
PB0339,르그랑 유럽형 아테오 샴페인 1구콘센트+TV 1구+8P 2구,0
PB0340,르그랑 유럽형 아테오 샴페인 1구콘센트+USB2구+TV 1구+8P 1구,0
PB0341,르그랑 유럽형 아테오 샴페인 2구콘센트+1구스위치,0
PB0342,르그랑 유럽형 아테오 샴페인 2구콘센트(방우)+1구스위치,0
PB0343,르그랑 유럽형 아테오 샴페인 2구콘센트+2구스위치,0
PB0344,르그랑 유럽형 아테오 샴페인 2구콘센트(방우)+2구스위치,0
PB0345,르그랑 유럽형 아테오 샴페인 2구콘센트+USB1구+1구스위치,0
PB0346,르그랑 유럽형 아테오 샴페인 2구콘센트(방우)+USB1구+1구스위치,0
PB0347,르그랑 유럽형 아테오 샴페인 2구콘센트+USB2구,0
PB0348,르그랑 유럽형 아테오 샴페인 2구콘센트(방우)+USB2구,0
PB0349,르그랑 유럽형 아테오 샴페인 2구콘센트+8P 1구,0
PB0350,르그랑 유럽형 아테오 샴페인 2구콘센트+8P 2구,0
PB0351,르그랑 유럽형 아테오 샴페인 2구콘센트+TV 1구+8P 1구,0
PB0352,르그랑 유럽형 아테오 샴페인 2구콘센트+TV 1구+8P 2구,0
PB0353,르그랑 유럽형 아테오 샴페인 2구콘센트+USB1구+TV 1구+8P 2구,0
PB0354,르그랑 유럽형 아테오 샴페인 3구콘센트+8P 1구,0
PB0355,르그랑 유럽형 아테오 샴페인 3구콘센트+8P 2구,0
PB0356,르그랑 유럽형 아테오 샴페인 3구콘센트+TV 1구+8P 1구,0
PB0357,르그랑 유럽형 아테오 샴페인 인터넷8P 1구,0
PB0358,르그랑 유럽형 아테오 샴페인 인터넷8P 2구,0
PB0359,르그랑 유럽형 아테오 샴페인 CATV 2방 1구,0
PB0360,르그랑 유럽형 아테오 샴페인 CATV 2방 1구+8P 1구,0
PB0361,르그랑 유럽형 아테오 샴페인 CATV 2방 1구+8P 2구,0
PB0362,르그랑 유럽형 아테오 소프트알루 1구 스위치,0
PB0363,르그랑 유럽형 아테오 소프트알루 1구3로스위치,0
PB0364,르그랑 유럽형 아테오 소프트알루 1구스위치(일괄소등),0
PB0365,르그랑 유럽형 아테오 소프트알루 2구스위치,0
PB0366,르그랑 유럽형 아테오 소프트알루 2구3로스위치,0
PB0367,르그랑 유럽형 아테오 소프트알루 2구스위치(우측만3로),0
PB0368,르그랑 유럽형 아테오 소프트알루 2구스위치(우측팬마크),0
PB0369,르그랑 유럽형 아테오 소프트알루 3구스위치,0
PB0370,르그랑 유럽형 아테오 소프트알루 3구3로스위치,0
PB0371,르그랑 유럽형 아테오 소프트알루 3구스위치(우측만3로),0
PB0372,르그랑 유럽형 아테오 소프트알루 3구스위치(우측팬마크),0
PB0373,르그랑 유럽형 아테오 소프트알루 4구스위치,0
PB0374,르그랑 유럽형 아테오 소프트알루 4구스위치(우측만3로),0
PB0375,르그랑 유럽형 아테오 소프트알루 4구스위치(우측팬마크),0
PB0376,르그랑 유럽형 아테오 소프트알루 5구스위치,0
PB0377,르그랑 유럽형 아테오 소프트알루 5구스위치(우측만3로),0
PB0378,르그랑 유럽형 아테오 소프트알루 5구스위치(우측팬마크),0
PB0379,르그랑 유럽형 아테오 소프트알루 6구스위치,0
PB0380,르그랑 유럽형 아테오 소프트알루 6구스위치(우측만3로),0
PB0381,르그랑 유럽형 아테오 소프트알루 6구스위치(우측팬마크),0
PB0382,르그랑 유럽형 아테오 소프트알루 7구스위치,0
PB0383,르그랑 유럽형 아테오 소프트알루 7구스위치(우측만3로),0
PB0384,르그랑 유럽형 아테오 소프트알루 7구스위치(우측팬마크),0
PB0385,르그랑 유럽형 아테오 소프트알루 8구스위치,0
PB0386,르그랑 유럽형 아테오 소프트알루 8구스위치(우측만3로),0
PB0387,르그랑 유럽형 아테오 소프트알루 8구스위치(우측팬마크),0
PB0388,르그랑 유럽형 아테오 소프트알루 1구콘센트,0
PB0389,르그랑 유럽형 아테오 소프트알루 방우 1구콘센트,0
PB0390,르그랑 유럽형 아테오 소프트알루 2구콘센트,0
PB0391,르그랑 유럽형 아테오 소프트알루 방우 2구콘센트,0
PB0392,르그랑 유럽형 아테오 소프트알루 3구콘센트,0
PB0393,르그랑 유럽형 아테오 소프트알루 방우 3구콘센트,0
PB0394,르그랑 유럽형 아테오 소프트알루 4구콘센트,0
PB0395,르그랑 유럽형 아테오 소프트알루 방우 4구콘센트,0
PB0396,르그랑 유럽형 아테오 소프트알루 1구콘센트+1구스위치,0
PB0397,르그랑 유럽형 아테오 소프트알루 1구콘센트(방우)+1구스위치,0
PB0398,르그랑 유럽형 아테오 소프트알루 1구콘센트+2구스위치,0
PB0399,르그랑 유럽형 아테오 소프트알루 1구콘센트(방우)+2구스위치,0
PB0400,르그랑 유럽형 아테오 소프트알루 1구콘센트+USB1구+1구스위치,0
PB0401,르그랑 유럽형 아테오 소프트알루 1구콘센트(방우)+USB1구+1구스위치,0
PB0402,르그랑 유럽형 아테오 소프트알루 1구콘센트+USB2구,0
PB0403,르그랑 유럽형 아테오 소프트알루 1구콘센트(방우)+USB2구,0
PB0404,르그랑 유럽형 아테오 소프트알루 1구콘센트+USB2구+1구스위치,0
PB0405,르그랑 유럽형 아테오 소프트알루 1구콘센트(방우)+USB2구+1구스위치,0
PB0406,르그랑 유럽형 아테오 소프트알루 1구콘센트+USB2구+2구스위치,0
PB0407,르그랑 유럽형 아테오 소프트알루 1구콘센트(방우)+USB2구+2구스위치,0
PB0408,르그랑 유럽형 아테오 소프트알루 1구콘센트+8P 1구,0
PB0409,르그랑 유럽형 아테오 소프트알루 1구콘센트+8P 2구,0
PB0410,르그랑 유럽형 아테오 소프트알루 1구콘센트+TV 1구+8P 1구,0
PB0411,르그랑 유럽형 아테오 소프트알루 1구콘센트+TV 1구+8P 2구,0
PB0412,르그랑 유럽형 아테오 소프트알루 1구콘센트+USB2구+TV 1구+8P 1구,0
PB0413,르그랑 유럽형 아테오 소프트알루 2구콘센트+1구스위치,0
PB0414,르그랑 유럽형 아테오 소프트알루 2구콘센트(방우)+1구스위치,0
PB0415,르그랑 유럽형 아테오 소프트알루 2구콘센트+2구스위치,0
PB0416,르그랑 유럽형 아테오 소프트알루 2구콘센트(방우)+2구스위치,0
PB0417,르그랑 유럽형 아테오 소프트알루 2구콘센트+USB1구+1구스위치,0
PB0418,르그랑 유럽형 아테오 소프트알루 2구콘센트(방우)+USB1구+1구스위치,0
PB0419,르그랑 유럽형 아테오 소프트알루 2구콘센트+USB2구,0
PB0420,르그랑 유럽형 아테오 소프트알루 2구콘센트(방우)+USB2구,0
PB0421,르그랑 유럽형 아테오 소프트알루 2구콘센트+8P 1구,0
PB0422,르그랑 유럽형 아테오 소프트알루 2구콘센트+8P 2구,0
PB0423,르그랑 유럽형 아테오 소프트알루 2구콘센트+TV 1구+8P 1구,0
PB0424,르그랑 유럽형 아테오 소프트알루 2구콘센트+TV 1구+8P 2구,0
PB0425,르그랑 유럽형 아테오 소프트알루 2구콘센트+USB1구+TV 1구+8P 2구,0
PB0426,르그랑 유럽형 아테오 소프트알루 3구콘센트+8P 1구,0
PB0427,르그랑 유럽형 아테오 소프트알루 3구콘센트+8P 2구,0
PB0428,르그랑 유럽형 아테오 소프트알루 3구콘센트+TV 1구+8P 1구,0
PB0429,르그랑 유럽형 아테오 소프트알루 인터넷8P 1구,0
PB0430,르그랑 유럽형 아테오 소프트알루 인터넷8P 2구,0
PB0431,르그랑 유럽형 아테오 소프트알루 CATV 2방 1구,0
PB0432,르그랑 유럽형 아테오 소프트알루 CATV 2방 1구+8P 1구,0
PB0433,르그랑 유럽형 아테오 소프트알루 CATV 2방 1구+8P 2구,0
PB0434,르그랑 유럽형 아테오 마그네슘 1구 스위치,0
PB0435,르그랑 유럽형 아테오 마그네슘 1구3로스위치,0
PB0436,르그랑 유럽형 아테오 마그네슘 1구스위치(일괄소등),0
PB0437,르그랑 유럽형 아테오 마그네슘 2구스위치,0
PB0438,르그랑 유럽형 아테오 마그네슘 2구3로스위치,0
PB0439,르그랑 유럽형 아테오 마그네슘 2구스위치(우측만3로),0
PB0440,르그랑 유럽형 아테오 마그네슘 2구스위치(우측팬마크),0
PB0441,르그랑 유럽형 아테오 마그네슘 3구스위치,0
PB0442,르그랑 유럽형 아테오 마그네슘 3구3로스위치,0
PB0443,르그랑 유럽형 아테오 마그네슘 3구스위치(우측만3로),0
PB0444,르그랑 유럽형 아테오 마그네슘 3구스위치(우측팬마크),0
PB0445,르그랑 유럽형 아테오 마그네슘 4구스위치,0
PB0446,르그랑 유럽형 아테오 마그네슘 4구스위치(우측만3로),0
PB0447,르그랑 유럽형 아테오 마그네슘 4구스위치(우측팬마크),0
PB0448,르그랑 유럽형 아테오 마그네슘 5구스위치,0
PB0449,르그랑 유럽형 아테오 마그네슘 5구스위치(우측만3로),0
PB0450,르그랑 유럽형 아테오 마그네슘 5구스위치(우측팬마크),0
PB0451,르그랑 유럽형 아테오 마그네슘 6구스위치,0
PB0452,르그랑 유럽형 아테오 마그네슘 6구스위치(우측만3로),0
PB0453,르그랑 유럽형 아테오 마그네슘 6구스위치(우측팬마크),0
PB0454,르그랑 유럽형 아테오 마그네슘 7구스위치,0
PB0455,르그랑 유럽형 아테오 마그네슘 7구스위치(우측만3로),0
PB0456,르그랑 유럽형 아테오 마그네슘 7구스위치(우측팬마크),0
PB0457,르그랑 유럽형 아테오 마그네슘 8구스위치,0
PB0458,르그랑 유럽형 아테오 마그네슘 8구스위치(우측만3로),0
PB0459,르그랑 유럽형 아테오 마그네슘 8구스위치(우측팬마크),0
PB0460,르그랑 유럽형 아테오 마그네슘 1구콘센트,0
PB0461,르그랑 유럽형 아테오 마그네슘 방우 1구콘센트,0
PB0462,르그랑 유럽형 아테오 마그네슘 2구콘센트,0
PB0463,르그랑 유럽형 아테오 마그네슘 방우 2구콘센트,0
PB0464,르그랑 유럽형 아테오 마그네슘 3구콘센트,0
PB0465,르그랑 유럽형 아테오 마그네슘 방우 3구콘센트,0
PB0466,르그랑 유럽형 아테오 마그네슘 4구콘센트,0
PB0467,르그랑 유럽형 아테오 마그네슘 방우 4구콘센트,0
PB0468,르그랑 유럽형 아테오 마그네슘 1구콘센트+1구스위치,0
PB0469,르그랑 유럽형 아테오 마그네슘 1구콘센트(방우)+1구스위치,0
PB0470,르그랑 유럽형 아테오 마그네슘 1구콘센트+2구스위치,0
PB0471,르그랑 유럽형 아테오 마그네슘 1구콘센트(방우)+2구스위치,0
PB0472,르그랑 유럽형 아테오 마그네슘 1구콘센트+USB1구+1구스위치,0
PB0473,르그랑 유럽형 아테오 마그네슘 1구콘센트(방우)+USB1구+1구스위치,0
PB0474,르그랑 유럽형 아테오 마그네슘 1구콘센트+USB2구,0
PB0475,르그랑 유럽형 아테오 마그네슘 1구콘센트(방우)+USB2구,0
PB0476,르그랑 유럽형 아테오 마그네슘 1구콘센트+USB2구+1구스위치,0
PB0477,르그랑 유럽형 아테오 마그네슘 1구콘센트(방우)+USB2구+1구스위치,0
PB0478,르그랑 유럽형 아테오 마그네슘 1구콘센트+USB2구+2구스위치,0
PB0479,르그랑 유럽형 아테오 마그네슘 1구콘센트(방우)+USB2구+2구스위치,0
PB0480,르그랑 유럽형 아테오 마그네슘 1구콘센트+8P 1구,0
PB0481,르그랑 유럽형 아테오 마그네슘 1구콘센트+8P 2구,0
PB0482,르그랑 유럽형 아테오 마그네슘 1구콘센트+TV 1구+8P 1구,0
PB0483,르그랑 유럽형 아테오 마그네슘 1구콘센트+TV 1구+8P 2구,0
PB0484,르그랑 유럽형 아테오 마그네슘 1구콘센트+USB2구+TV 1구+8P 1구,0
PB0485,르그랑 유럽형 아테오 마그네슘 2구콘센트+1구스위치,0
PB0486,르그랑 유럽형 아테오 마그네슘 2구콘센트(방우)+1구스위치,0
PB0487,르그랑 유럽형 아테오 마그네슘 2구콘센트+2구스위치,0
PB0488,르그랑 유럽형 아테오 마그네슘 2구콘센트(방우)+2구스위치,0
PB0489,르그랑 유럽형 아테오 마그네슘 2구콘센트+USB1구+1구스위치,0
PB0490,르그랑 유럽형 아테오 마그네슘 2구콘센트(방우)+USB1구+1구스위치,0
PB0491,르그랑 유럽형 아테오 마그네슘 2구콘센트+USB2구,0
PB0492,르그랑 유럽형 아테오 마그네슘 2구콘센트(방우)+USB2구,0
PB0493,르그랑 유럽형 아테오 마그네슘 2구콘센트+8P 1구,0
PB0494,르그랑 유럽형 아테오 마그네슘 2구콘센트+8P 2구,0
PB0495,르그랑 유럽형 아테오 마그네슘 2구콘센트+TV 1구+8P 1구,0
PB0496,르그랑 유럽형 아테오 마그네슘 2구콘센트+TV 1구+8P 2구,0
PB0497,르그랑 유럽형 아테오 마그네슘 2구콘센트+USB1구+TV 1구+8P 2구,0
PB0498,르그랑 유럽형 아테오 마그네슘 3구콘센트+8P 1구,0
PB0499,르그랑 유럽형 아테오 마그네슘 3구콘센트+8P 2구,0
PB0500,르그랑 유럽형 아테오 마그네슘 3구콘센트+TV 1구+8P 1구,0
PB0501,르그랑 유럽형 아테오 마그네슘 인터넷8P 1구,0
PB0502,르그랑 유럽형 아테오 마그네슘 인터넷8P 2구,0
PB0503,르그랑 유럽형 아테오 마그네슘 CATV 2방 1구,0
PB0504,르그랑 유럽형 아테오 마그네슘 CATV 2방 1구+8P 1구,0
PB0505,르그랑 유럽형 아테오 마그네슘 CATV 2방 1구+8P 2구,0
PB0506,르그랑 유럽형 아테오 그라파이트 1구 스위치,0
PB0507,르그랑 유럽형 아테오 그라파이트 1구3로스위치,0
PB0508,르그랑 유럽형 아테오 그라파이트 1구스위치(일괄소등),0
PB0509,르그랑 유럽형 아테오 그라파이트 2구스위치,0
PB0510,르그랑 유럽형 아테오 그라파이트 2구3로스위치,0
PB0511,르그랑 유럽형 아테오 그라파이트 2구스위치(우측만3로),0
PB0512,르그랑 유럽형 아테오 그라파이트 2구스위치(우측팬마크),0
PB0513,르그랑 유럽형 아테오 그라파이트 3구스위치,0
PB0514,르그랑 유럽형 아테오 그라파이트 3구3로스위치,0
PB0515,르그랑 유럽형 아테오 그라파이트 3구스위치(우측만3로),0
PB0516,르그랑 유럽형 아테오 그라파이트 3구스위치(우측팬마크),0
PB0517,르그랑 유럽형 아테오 그라파이트 4구스위치,0
PB0518,르그랑 유럽형 아테오 그라파이트 4구스위치(우측만3로),0
PB0519,르그랑 유럽형 아테오 그라파이트 4구스위치(우측팬마크),0
PB0520,르그랑 유럽형 아테오 그라파이트 5구스위치,0
PB0521,르그랑 유럽형 아테오 그라파이트 5구스위치(우측만3로),0
PB0522,르그랑 유럽형 아테오 그라파이트 5구스위치(우측팬마크),0
PB0523,르그랑 유럽형 아테오 그라파이트 6구스위치,0
PB0524,르그랑 유럽형 아테오 그라파이트 6구스위치(우측만3로),0
PB0525,르그랑 유럽형 아테오 그라파이트 6구스위치(우측팬마크),0
PB0526,르그랑 유럽형 아테오 그라파이트 7구스위치,0
PB0527,르그랑 유럽형 아테오 그라파이트 7구스위치(우측만3로),0
PB0528,르그랑 유럽형 아테오 그라파이트 7구스위치(우측팬마크),0
PB0529,르그랑 유럽형 아테오 그라파이트 8구스위치,0
PB0530,르그랑 유럽형 아테오 그라파이트 8구스위치(우측만3로),0
PB0531,르그랑 유럽형 아테오 그라파이트 8구스위치(우측팬마크),0
PB0532,르그랑 유럽형 아테오 그라파이트 1구콘센트,0
PB0533,르그랑 유럽형 아테오 그라파이트 방우 1구콘센트,0
PB0534,르그랑 유럽형 아테오 그라파이트 2구콘센트,0
PB0535,르그랑 유럽형 아테오 그라파이트 방우 2구콘센트,0
PB0536,르그랑 유럽형 아테오 그라파이트 3구콘센트,0
PB0537,르그랑 유럽형 아테오 그라파이트 방우 3구콘센트,0
PB0538,르그랑 유럽형 아테오 그라파이트 4구콘센트,0
PB0539,르그랑 유럽형 아테오 그라파이트 방우 4구콘센트,0
PB0540,르그랑 유럽형 아테오 그라파이트 1구콘센트+1구스위치,0
PB0541,르그랑 유럽형 아테오 그라파이트 1구콘센트(방우)+1구스위치,0
PB0542,르그랑 유럽형 아테오 그라파이트 1구콘센트+2구스위치,0
PB0543,르그랑 유럽형 아테오 그라파이트 1구콘센트(방우)+2구스위치,0
PB0544,르그랑 유럽형 아테오 그라파이트 1구콘센트+USB1구+1구스위치,0
PB0545,르그랑 유럽형 아테오 그라파이트 1구콘센트(방우)+USB1구+1구스위치,0
PB0546,르그랑 유럽형 아테오 그라파이트 1구콘센트+USB2구,0
PB0547,르그랑 유럽형 아테오 그라파이트 1구콘센트(방우)+USB2구,0
PB0548,르그랑 유럽형 아테오 그라파이트 1구콘센트+USB2구+1구스위치,0
PB0549,르그랑 유럽형 아테오 그라파이트 1구콘센트(방우)+USB2구+1구스위치,0
PB0550,르그랑 유럽형 아테오 그라파이트 1구콘센트+USB2구+2구스위치,0
PB0551,르그랑 유럽형 아테오 그라파이트 1구콘센트(방우)+USB2구+2구스위치,0
PB0552,르그랑 유럽형 아테오 그라파이트 1구콘센트+8P 1구,0
PB0553,르그랑 유럽형 아테오 그라파이트 1구콘센트+8P 2구,0
PB0554,르그랑 유럽형 아테오 그라파이트 1구콘센트+TV 1구+8P 1구,0
PB0555,르그랑 유럽형 아테오 그라파이트 1구콘센트+TV 1구+8P 2구,0
PB0556,르그랑 유럽형 아테오 그라파이트 1구콘센트+USB2구+TV 1구+8P 1구,0
PB0557,르그랑 유럽형 아테오 그라파이트 2구콘센트+1구스위치,0
PB0558,르그랑 유럽형 아테오 그라파이트 2구콘센트(방우)+1구스위치,0
PB0559,르그랑 유럽형 아테오 그라파이트 2구콘센트+2구스위치,0
PB0560,르그랑 유럽형 아테오 그라파이트 2구콘센트(방우)+2구스위치,0
PB0561,르그랑 유럽형 아테오 그라파이트 2구콘센트+USB1구+1구스위치,0
PB0562,르그랑 유럽형 아테오 그라파이트 2구콘센트(방우)+USB1구+1구스위치,0
PB0563,르그랑 유럽형 아테오 그라파이트 2구콘센트+USB2구,0
PB0564,르그랑 유럽형 아테오 그라파이트 2구콘센트(방우)+USB2구,0
PB0565,르그랑 유럽형 아테오 그라파이트 2구콘센트+8P 1구,0
PB0566,르그랑 유럽형 아테오 그라파이트 2구콘센트+8P 2구,0
PB0567,르그랑 유럽형 아테오 그라파이트 2구콘센트+TV 1구+8P 1구,0
PB0568,르그랑 유럽형 아테오 그라파이트 2구콘센트+TV 1구+8P 2구,0
PB0569,르그랑 유럽형 아테오 그라파이트 2구콘센트+USB1구+TV 1구+8P 2구,0
PB0570,르그랑 유럽형 아테오 그라파이트 3구콘센트+8P 1구,0
PB0571,르그랑 유럽형 아테오 그라파이트 3구콘센트+8P 2구,0
PB0572,르그랑 유럽형 아테오 그라파이트 3구콘센트+TV 1구+8P 1구,0
PB0573,르그랑 유럽형 아테오 그라파이트 인터넷8P 1구,0
PB0574,르그랑 유럽형 아테오 그라파이트 인터넷8P 2구,0
PB0575,르그랑 유럽형 아테오 그라파이트 CATV 2방 1구,0
PB0576,르그랑 유럽형 아테오 그라파이트 CATV 2방 1구+8P 1구,0
PB0577,르그랑 유럽형 아테오 그라파이트 CATV 2방 1구+8P 2구,0
PB0578,르그랑 국내형 아테오 화이트 사각 1구스위치 2M,0
PB0579,르그랑 국내형 아테오 화이트 사각 2구스위치 2M,0
PB0580,르그랑 국내형 아테오 화이트 사각 3구스위치 3M,0
PB0581,르그랑 국내형 아테오 화이트 사각 중2구스위치 6M,0
PB0582,르그랑 국내형 아테오 화이트 사각 중3구스위치 6M,0
PB0583,르그랑 국내형 아테오 화이트 사각 중4구스위치 6M,0
PB0584,르그랑 국내형 아테오 화이트 사각 중5구스위치 6M,0
PB0585,르그랑 국내형 아테오 화이트 사각 중6구스위치 6M,0
PB0586,르그랑 국내형 아테오 화이트 사각 3로1구스위치 2M,0
PB0587,르그랑 국내형 아테오 화이트 사각 3로2구스위치 2M,0
PB0588,르그랑 국내형 아테오 화이트 사각 3로3구스위치 3M,0
PB0589,르그랑 국내형 아테오 화이트 원형 1구스위치 2M,0
PB0590,르그랑 국내형 아테오 화이트 원형 2구스위치 2M,0
PB0591,르그랑 국내형 아테오 화이트 원형 3구스위치 3M,0
PB0592,르그랑 국내형 아테오 화이트 원형 중2구스위치 6M,0
PB0593,르그랑 국내형 아테오 화이트 원형 중3구스위치 6M,0
PB0594,르그랑 국내형 아테오 화이트 원형 중4구스위치 6M,0
PB0595,르그랑 국내형 아테오 화이트 원형 중5구스위치 6M,0
PB0596,르그랑 국내형 아테오 화이트 원형 중6구스위치 6M,0
PB0597,르그랑 국내형 아테오 화이트 원형 3로1구스위치 2M,0
PB0598,르그랑 국내형 아테오 화이트 원형 3로2구스위치 2M,0
PB0599,르그랑 국내형 아테오 화이트 원형 3로3구스위치 3M,0
PB0600,르그랑 국내형 아테오 화이트 세로 1구콘센트,0
PB0601,르그랑 국내형 아테오 화이트 세로 2구콘센트,0
PB0602,르그랑 국내형 아테오 화이트 중4구콘센트,0
PB0603,르그랑 국내형 아테오 화이트 방우 1구콘센트 2M,0
PB0604,르그랑 국내형 아테오 화이트 인터넷8P 콘센트 2M,0
PB0605,르그랑 국내형 아테오 화이트 인터넷8P+8P콘센트 2M,0
PB0606,르그랑 국내형 아테오 화이트 CATV 2방+인터넷 8P 1구 2M,0
PB0607,르그랑 국내형 아테오 화이트 인터넷8P 2구+CATV 2방 3M,0
PB0608,르그랑 국내형 아테오 화이트 CATV 2방 콘센트 3M,0
PB0609,르그랑 국내형 아테오 화이트 인터넷8P 2구+CATV 2방(2개용) 4M,0
PB0610,르그랑 국내형 아테오 화이트 맹커버 1개용,0
PB0611,르그랑 국내형 아테오 화이트 맹커버 2개용,0
PB0612,르그랑 국내형 아테오 소프트알루 사각 1구스위치 2M,0
PB0613,르그랑 국내형 아테오 소프트알루 사각 2구스위치 2M,0
PB0614,르그랑 국내형 아테오 소프트알루 사각 3구스위치 3M,0
PB0615,르그랑 국내형 아테오 소프트알루 사각 중2구스위치 6M,0
PB0616,르그랑 국내형 아테오 소프트알루 사각 중3구스위치 6M,0
PB0617,르그랑 국내형 아테오 소프트알루 사각 중4구스위치 6M,0
PB0618,르그랑 국내형 아테오 소프트알루 사각 중5구스위치 6M,0
PB0619,르그랑 국내형 아테오 소프트알루 사각 중6구스위치 6M,0
PB0620,르그랑 국내형 아테오 소프트알루 사각 3로1구스위치 2M,0
PB0621,르그랑 국내형 아테오 소프트알루 사각 3로2구스위치 2M,0
PB0622,르그랑 국내형 아테오 소프트알루 사각 3로3구스위치 3M,0
PB0623,르그랑 국내형 아테오 소프트알루 원형 1구스위치 2M,0
PB0624,르그랑 국내형 아테오 소프트알루 원형 2구스위치 2M,0
PB0625,르그랑 국내형 아테오 소프트알루 원형 3구스위치 3M,0
PB0626,르그랑 국내형 아테오 소프트알루 원형 중2구스위치 6M,0
PB0627,르그랑 국내형 아테오 소프트알루 원형 중3구스위치 6M,0
PB0628,르그랑 국내형 아테오 소프트알루 원형 중4구스위치 6M,0
PB0629,르그랑 국내형 아테오 소프트알루 원형 중5구스위치 6M,0
PB0630,르그랑 국내형 아테오 소프트알루 원형 중6구스위치 6M,0
PB0631,르그랑 국내형 아테오 소프트알루 원형 3로1구스위치 2M,0
PB0632,르그랑 국내형 아테오 소프트알루 원형 3로2구스위치 2M,0
PB0633,르그랑 국내형 아테오 소프트알루 원형 3로3구스위치 3M,0
PB0634,르그랑 국내형 아테오 소프트알루 세로 1구콘센트,0
PB0635,르그랑 국내형 아테오 소프트알루 세로 2구콘센트,0
PB0636,르그랑 국내형 아테오 소프트알루 중4구콘센트,0
PB0637,르그랑 국내형 아테오 소프트알루 방우 1구콘센트,0
PB0638,르그랑 국내형 아테오 소프트알루 인터넷8P 콘센트 2M,0
PB0639,르그랑 국내형 아테오 소프트알루 인터넷8P+8P콘센트 2M,0
PB0640,르그랑 국내형 아테오 소프트알루 CATV 2방+인터넷 8P 1구 2M,0
PB0641,르그랑 국내형 아테오 소프트알루 인터넷8P 2구+CATV 2방 3M,0
PB0642,르그랑 국내형 아테오 소프트알루 CATV 2방 콘센트 3M,0
PB0643,르그랑 국내형 아테오 소프트알루 인터넷8P 2구+CATV 2방(2개용) 4M,0
PB0644,르그랑 국내형 아테오 소프트알루 맹커버 1개용,0
PB0645,르그랑 국내형 아테오 소프트알루 맹커버 2개용,0
PB0646,르그랑 국내형 아테오 마그네슘 사각 1구스위치 2M,0
PB0647,르그랑 국내형 아테오 마그네슘 사각 2구스위치 2M,0
PB0648,르그랑 국내형 아테오 마그네슘 사각 3구스위치 3M,0
PB0649,르그랑 국내형 아테오 마그네슘 사각 중2구스위치 6M,0
PB0650,르그랑 국내형 아테오 마그네슘 사각 중3구스위치 6M,0
PB0651,르그랑 국내형 아테오 마그네슘 사각 중4구스위치 6M,0
PB0652,르그랑 국내형 아테오 마그네슘 사각 중5구스위치 6M,0
PB0653,르그랑 국내형 아테오 마그네슘 사각 중6구스위치 6M,0
PB0654,르그랑 국내형 아테오 마그네슘 사각 3로1구스위치 2M,0
PB0655,르그랑 국내형 아테오 마그네슘 사각 3로2구스위치 2M,0
PB0656,르그랑 국내형 아테오 마그네슘 사각 3로3구스위치 3M,0
PB0657,르그랑 국내형 아테오 마그네슘 원형 1구스위치 2M,0
PB0658,르그랑 국내형 아테오 마그네슘 원형 2구스위치 2M,0
PB0659,르그랑 국내형 아테오 마그네슘 원형 3구스위치 3M,0
PB0660,르그랑 국내형 아테오 마그네슘 원형 중2구스위치 6M,0
PB0661,르그랑 국내형 아테오 마그네슘 원형 중3구스위치 6M,0
PB0662,르그랑 국내형 아테오 마그네슘 원형 중4구스위치 6M,0
PB0663,르그랑 국내형 아테오 마그네슘 원형 중5구스위치 6M,0
PB0664,르그랑 국내형 아테오 마그네슘 원형 중6구스위치 6M,0
PB0665,르그랑 국내형 아테오 마그네슘 원형 3로1구스위치 2M,0
PB0666,르그랑 국내형 아테오 마그네슘 원형 3로2구스위치 2M,0
PB0667,르그랑 국내형 아테오 마그네슘 원형 3로3구스위치 3M,0
PB0668,르그랑 국내형 아테오 마그네슘 세로 1구콘센트,0
PB0669,르그랑 국내형 아테오 마그네슘 세로 2구콘센트,0
PB0670,르그랑 국내형 아테오 마그네슘 중4구콘센트,0
PB0671,르그랑 국내형 아테오 마그네슘 방우 1구콘센트,0
PB0672,르그랑 국내형 아테오 마그네슘 인터넷8P 콘센트 2M,0
PB0673,르그랑 국내형 아테오 마그네슘 인터넷8P+8P콘센트 2M,0
PB0674,르그랑 국내형 아테오 마그네슘 CATV 2방+인터넷 8P 1구 2M,0
PB0675,르그랑 국내형 아테오 마그네슘 인터넷8P 2구+CATV 2방 3M,0
PB0676,르그랑 국내형 아테오 마그네슘 CATV 2방 콘센트 3M,0
PB0677,르그랑 국내형 아테오 마그네슘 인터넷8P 2구+CATV 2방(2개용) 4M,0
PB0678,르그랑 국내형 아테오 마그네슘 맹커버 1개용,0
PB0679,르그랑 국내형 아테오 마그네슘 맹커버 2개용,0
PB0680,르그랑 국내형 아테오 샴페인 사각 1구스위치 2M,0
PB0681,르그랑 국내형 아테오 샴페인 사각 2구스위치 2M,0
PB0682,르그랑 국내형 아테오 샴페인 사각 3구스위치 3M,0
PB0683,르그랑 국내형 아테오 샴페인 사각 중2구스위치 6M,0
PB0684,르그랑 국내형 아테오 샴페인 사각 중3구스위치 6M,0
PB0685,르그랑 국내형 아테오 샴페인 사각 중4구스위치 6M,0
PB0686,르그랑 국내형 아테오 샴페인 사각 중5구스위치 6M,0
PB0687,르그랑 국내형 아테오 샴페인 사각 중6구스위치 6M,0
PB0688,르그랑 국내형 아테오 샴페인 사각 3로1구스위치 2M,0
PB0689,르그랑 국내형 아테오 샴페인 사각 3로2구스위치 2M,0
PB0690,르그랑 국내형 아테오 샴페인 사각 3로3구스위치 3M,0
PB0691,르그랑 국내형 아테오 샴페인 원형 1구스위치 2M,0
PB0692,르그랑 국내형 아테오 샴페인 원형 2구스위치 2M,0
PB0693,르그랑 국내형 아테오 샴페인 원형 3구스위치 3M,0
PB0694,르그랑 국내형 아테오 샴페인 원형 중2구스위치 6M,0
PB0695,르그랑 국내형 아테오 샴페인 원형 중3구스위치 6M,0
PB0696,르그랑 국내형 아테오 샴페인 원형 중4구스위치 6M,0
PB0697,르그랑 국내형 아테오 샴페인 원형 중5구스위치 6M,0
PB0698,르그랑 국내형 아테오 샴페인 원형 중6구스위치 6M,0
PB0699,르그랑 국내형 아테오 샴페인 원형 3로1구스위치 2M,0
PB0700,르그랑 국내형 아테오 샴페인 원형 3로2구스위치 2M,0
PB0701,르그랑 국내형 아테오 샴페인 원형 3로3구스위치 3M,0
PB0702,르그랑 국내형 아테오 샴페인 세로 1구콘센트,0
PB0703,르그랑 국내형 아테오 샴페인 세로 2구콘센트,0
PB0704,르그랑 국내형 아테오 샴페인 중4구콘센트,0
PB0705,르그랑 국내형 아테오 샴페인 방우 1구콘센트,0
PB0706,르그랑 국내형 아테오 샴페인 인터넷8P 콘센트 2M,0
PB0707,르그랑 국내형 아테오 샴페인 인터넷8P+8P콘센트 2M,0
PB0708,르그랑 국내형 아테오 샴페인 CATV 2방+인터넷 8P 1구 2M,0
PB0709,르그랑 국내형 아테오 샴페인 인터넷8P 2구+CATV 2방 3M,0
PB0710,르그랑 국내형 아테오 샴페인 CATV 2방 콘센트 3M,0
PB0711,르그랑 국내형 아테오 샴페인 인터넷8P 2구+CATV 2방(2개용) 4M,0
PB0712,르그랑 국내형 아테오 샴페인 맹커버 1개용,0
PB0713,르그랑 국내형 아테오 샴페인 맹커버 2개용,0
PB0714,르그랑 국내형 아테오 그라파이트 사각 1구스위치 2M,0
PB0715,르그랑 국내형 아테오 그라파이트 사각 2구스위치 2M,0
PB0716,르그랑 국내형 아테오 그라파이트 사각 3구스위치 3M,0
PB0717,르그랑 국내형 아테오 그라파이트 사각 중2구스위치 6M,0
PB0718,르그랑 국내형 아테오 그라파이트 사각 중3구스위치 6M,0
PB0719,르그랑 국내형 아테오 그라파이트 사각 중4구스위치 6M,0
PB0720,르그랑 국내형 아테오 그라파이트 사각 중5구스위치 6M,0
PB0721,르그랑 국내형 아테오 그라파이트 사각 중6구스위치 6M,0
PB0722,르그랑 국내형 아테오 그라파이트 사각 3로1구스위치 2M,0
PB0723,르그랑 국내형 아테오 그라파이트 사각 3로2구스위치 2M,0
PB0724,르그랑 국내형 아테오 그라파이트 사각 3로3구스위치 3M,0
PB0725,르그랑 국내형 아테오 그라파이트 원형 1구스위치 2M,0
PB0726,르그랑 국내형 아테오 그라파이트 원형 2구스위치 2M,0
PB0727,르그랑 국내형 아테오 그라파이트 원형 3구스위치 3M,0
PB0728,르그랑 국내형 아테오 그라파이트 원형 중2구스위치 6M,0
PB0729,르그랑 국내형 아테오 그라파이트 원형 중3구스위치 6M,0
PB0730,르그랑 국내형 아테오 그라파이트 원형 중4구스위치 6M,0
PB0731,르그랑 국내형 아테오 그라파이트 원형 중5구스위치 6M,0
PB0732,르그랑 국내형 아테오 그라파이트 원형 중6구스위치 6M,0
PB0733,르그랑 국내형 아테오 그라파이트 원형 3로1구스위치 2M,0
PB0734,르그랑 국내형 아테오 그라파이트 원형 3로2구스위치 2M,0
PB0735,르그랑 국내형 아테오 그라파이트 원형 3로3구스위치 3M,0
PB0736,르그랑 국내형 아테오 그라파이트 세로 1구콘센트,0
PB0737,르그랑 국내형 아테오 그라파이트 세로 2구콘센트,0
PB0738,르그랑 국내형 아테오 그라파이트 중4구콘센트,0
PB0739,르그랑 국내형 아테오 그라파이트 방우 1구콘센트,0
PB0740,르그랑 국내형 아테오 그라파이트 인터넷8P 콘센트 2M,0
PB0741,르그랑 국내형 아테오 그라파이트 인터넷8P+8P콘센트 2M,0
PB0742,르그랑 국내형 아테오 그라파이트 CATV 2방+인터넷 8P 1구 2M,0
PB0743,르그랑 국내형 아테오 그라파이트 인터넷8P 2구+CATV 2방 3M,0
PB0744,르그랑 국내형 아테오 그라파이트 CATV 2방 콘센트 3M,0
PB0745,르그랑 국내형 아테오 그라파이트 인터넷8P 2구+CATV 2방(2개용) 4M,0
PB0746,르그랑 국내형 아테오 그라파이트 맹커버 1개용,0
PB0747,르그랑 국내형 아테오 그라파이트 맹커버 2개용,0
PB0748,르그랑 국내형 아테오 다크브론즈 사각 1구스위치 2M,0
PB0749,르그랑 국내형 아테오 다크브론즈 사각 2구스위치 2M,0
PB0750,르그랑 국내형 아테오 다크브론즈 사각 3구스위치 3M,0
PB0751,르그랑 국내형 아테오 다크브론즈 사각 중2구스위치 6M,0
PB0752,르그랑 국내형 아테오 다크브론즈 사각 중3구스위치 6M,0
PB0753,르그랑 국내형 아테오 다크브론즈 사각 중4구스위치 6M,0
PB0754,르그랑 국내형 아테오 다크브론즈 사각 중5구스위치 6M,0
PB0755,르그랑 국내형 아테오 다크브론즈 사각 중6구스위치 6M,0
PB0756,르그랑 국내형 아테오 다크브론즈 사각 3로1구스위치 2M,0
PB0757,르그랑 국내형 아테오 다크브론즈 사각 3로2구스위치 2M,0
PB0758,르그랑 국내형 아테오 다크브론즈 사각 3로3구스위치 3M,0
PB0759,르그랑 국내형 아테오 다크브론즈 원형 1구스위치 2M,0
PB0760,르그랑 국내형 아테오 다크브론즈 원형 2구스위치 2M,0
PB0761,르그랑 국내형 아테오 다크브론즈 원형 3구스위치 3M,0
PB0762,르그랑 국내형 아테오 다크브론즈 원형 중2구스위치 6M,0
PB0763,르그랑 국내형 아테오 다크브론즈 원형 중3구스위치 6M,0
PB0764,르그랑 국내형 아테오 다크브론즈 원형 중4구스위치 6M,0
PB0765,르그랑 국내형 아테오 다크브론즈 원형 중5구스위치 6M,0
PB0766,르그랑 국내형 아테오 다크브론즈 원형 중6구스위치 6M,0
PB0767,르그랑 국내형 아테오 다크브론즈 원형 3로1구스위치 2M,0
PB0768,르그랑 국내형 아테오 다크브론즈 원형 3로2구스위치 2M,0
PB0769,르그랑 국내형 아테오 다크브론즈 원형 3로3구스위치 3M,0
PB0770,르그랑 국내형 아테오 다크브론즈 세로 1구콘센트,0
PB0771,르그랑 국내형 아테오 다크브론즈 세로 2구콘센트,0
PB0772,르그랑 국내형 아테오 다크브론즈 중4구콘센트,0
PB0773,르그랑 국내형 아테오 다크브론즈 방우 1구콘센트,0
PB0774,르그랑 국내형 아테오 다크브론즈 인터넷8P 콘센트 2M,0
PB0775,르그랑 국내형 아테오 다크브론즈 인터넷8P+8P콘센트 2M,0
PB0776,르그랑 국내형 아테오 다크브론즈 CATV 2방+인터넷 8P 1구 2M,0
PB0777,르그랑 국내형 아테오 다크브론즈 인터넷8P 2구+CATV 2방 3M,0
PB0778,르그랑 국내형 아테오 다크브론즈 CATV 2방 콘센트 3M,0
PB0779,르그랑 국내형 아테오 다크브론즈 인터넷8P 2구+CATV 2방(2개용) 4M,0
PB0780,르그랑 국내형 아테오 다크브론즈 맹커버 1개용,0
PB0781,르그랑 국내형 아테오 다크브론즈 맹커버 2개용,0
PB0782,르그랑 아펠라 화이트 단로1구스위치,0
PB0783,르그랑 아펠라 화이트 단로2구스위치,0
PB0784,르그랑 아펠라 화이트 단로3구스위치,0
PB0785,르그랑 아펠라 화이트 중2구스위치,0
PB0786,르그랑 아펠라 화이트 중3구스위치,0
PB0787,르그랑 아펠라 화이트 중4구스위치,0
PB0788,르그랑 아펠라 화이트 중5구스위치,0
PB0789,르그랑 아펠라 화이트 중6구스위치,0
PB0790,르그랑 아펠라 화이트 3로1구스위치,0
PB0791,르그랑 아펠라 화이트 3로2구스위치,0
PB0792,르그랑 아펠라 화이트 3로3구스위치,0
PB0793,르그랑 아펠라 화이트 일괄소등스위치 1구,0
PB0794,르그랑 아펠라 화이트 2구콘센트,0
PB0795,르그랑 아펠라 화이트 4구콘센트,0
PB0796,르그랑 아펠라 화이트 세로방우콘센트 2구,0
PB0797,르그랑 아펠라 화이트 가로방우콘센트 2구,0
PB0798,르그랑 아펠라 화이트 인터넷8P 콘센트,0
PB0799,르그랑 아펠라 화이트 인터넷8P+8P콘센트,0
PB0800,르그랑 아펠라 화이트 CATV 3방콘센트,0
PB0801,르그랑 아펠라 화이트 인터넷8P 1구+CATV 2방콘센트,0
PB0802,르그랑 아펠라 화이트 인터넷8P 2구+CATV 2방콘센트,0
PB0803,르그랑 아펠라 화이트 인터넷8P 2구+CATV 3방(중),0
PB0804,르그랑 아펠라 화이트 맹커버 1개용,0
PB0805,르그랑 아펠라 화이트 맹커버 2개용,0
PB0806,르그랑 아펠라 화이트 콘센트보조대 1개용,0
PB0807,르그랑 아펠라 화이트 콘센트보조대 2개용,0
PB0808,르그랑 아펠라 실버 단로1구스위치,0
PB0809,르그랑 아펠라 실버 단로2구스위치,0
PB0810,르그랑 아펠라 실버 단로3구스위치,0
PB0811,르그랑 아펠라 실버 중2구스위치,0
PB0812,르그랑 아펠라 실버 중3구스위치,0
PB0813,르그랑 아펠라 실버 중4구스위치,0
PB0814,르그랑 아펠라 실버 중5구스위치,0
PB0815,르그랑 아펠라 실버 중6구스위치,0
PB0816,르그랑 아펠라 실버 3로1구스위치,0
PB0817,르그랑 아펠라 실버 3로2구스위치,0
PB0818,르그랑 아펠라 실버 3로3구스위치,0
PB0819,르그랑 아펠라 실버 일괄소등스위치 1구,0
PB0820,르그랑 아펠라 실버 2구콘센트,0
PB0821,르그랑 아펠라 실버 4구콘센트,0
PB0822,르그랑 아펠라 실버 인터넷8P 콘센트,0
PB0823,르그랑 아펠라 실버 인터넷8P+8P콘센트,0
PB0824,르그랑 아펠라 실버 CATV 3방콘센트,0
PB0825,르그랑 아펠라 실버 인터넷8P 1구+CATV 2방콘센트,0
PB0826,르그랑 아펠라 실버 인터넷8P 2구+CATV 2방콘센트,0
PB0827,르그랑 아펠라 실버 맹커버 1개용,0
PB0828,르그랑 아펠라 실버 맹커버 2개용,0
PB0829,르그랑 아펠라 실버 콘센트보조대 1개용,0
PB0830,르그랑 아펠라 실버 콘센트보조대 2개용,0
PB0831,르그랑 아펠라 실버 세로방우콘센트 2구,0
PB0832,르그랑 아펠라 실버 가로방우콘센트 2구,0
PB0833,르그랑 아펠라 마그네슘 단로1구스위치,0
PB0834,르그랑 아펠라 마그네슘 단로2구스위치,0
PB0835,르그랑 아펠라 마그네슘 단로3구스위치,0
PB0836,르그랑 아펠라 마그네슘 중2구스위치,0
PB0837,르그랑 아펠라 마그네슘 중3구스위치,0
PB0838,르그랑 아펠라 마그네슘 중4구스위치,0
PB0839,르그랑 아펠라 마그네슘 중5구스위치,0
PB0840,르그랑 아펠라 마그네슘 중6구스위치,0
PB0841,르그랑 아펠라 마그네슘 3로1구스위치,0
PB0842,르그랑 아펠라 마그네슘 3로2구스위치,0
PB0843,르그랑 아펠라 마그네슘 3로3구스위치,0
PB0844,르그랑 아펠라 마그네슘 일괄소등스위치 1구,0
PB0845,르그랑 아펠라 마그네슘 2구콘센트,0
PB0846,르그랑 아펠라 마그네슘 4구콘센트,0
PB0847,르그랑 아펠라 마그네슘 인터넷8P 콘센트,0
PB0848,르그랑 아펠라 마그네슘 인터넷8P+8P콘센트,0
PB0849,르그랑 아펠라 마그네슘 CATV 3방콘센트,0
PB0850,르그랑 아펠라 마그네슘 인터넷8P 1구+CATV 2방콘센트,0
PB0851,르그랑 아펠라 마그네슘 인터넷8P 2구+CATV 2방콘센트,0
PB0852,르그랑 아펠라 마그네슘 맹커버 1개용,0
PB0853,르그랑 아펠라 마그네슘 맹커버 2개용,0
PB0854,르그랑 아펠라 마그네슘 콘센트보조대 1개용,0
PB0855,르그랑 아펠라 마그네슘 콘센트보조대 2개용,0
PB0856,르그랑 아펠라 마그네슘 세로방우콘센트 2구,0
PB0857,르그랑 아펠라 마그네슘 가로방우콘센트 2구,0
PB0858,소방감지기 일신 차동식감지기,0
PB0859,소방감지기 일신 정온식감지기,0
PB0860,소방감지기 일신 광전식감지기,0
PB0861,방수 12V SMPS 60W,0
PB0862,방수 12V SMPS 100W,0
PB0863,방수 12V SMPS 200W,0
PB0864,방수 12V SMPS 300W,0
PB0865,LED 2인치 슬림테 다운라이트 5160 전구색(3000K),-
PB0866,LED 2인치 슬림테 다운라이트 5160 주백색(4000K),-
PB0867,LED 2인치 슬림테 다운라이트 5160 주광색(6000K),-
PB0868,남영 2.5인치 미니5 슬림테 확산형 다운라이트 전구색(3000K),0
PB0869,남영 2.5인치 미니5 슬림테 확산형 다운라이트 주백색(4000K),0
PB0870,남영 2.5인치 미니5 슬림테 확산형 다운라이트 주광색(5700K),0
PB0871,세미 디밍6인치 다운라이트 전구색(3000K),0
PB0872,세미 디밍6인치 다운라이트 주백색(4000K),0
PB0873,세미 디밍6인치 다운라이트 주광색(5700K),0
PB0874,세미 LED조광기,0
PB0875,세미 디밍3인치 다운라이트 전구색(3000K),0
PB0876,세미 디밍3인치 다운라이트 주백색(4000K),0
PB0877,세미 디밍3인치 다운라이트 주광색(5700K),0
PB0878,남영 LED 4인치 다운라이트 슬림10 전구색(3000K),0
PB0879,남영 LED 4인치 다운라이트 슬림10 주백색(4000K),0
PB0880,남영 LED 4인치 다운라이트 슬림10 주광색(5700K),0
PB0881,LED 각도조절 확산형 3인치 9502 전구색(3000K),-
PB0882,LED 각도조절 확산형 3인치 9502 주백색(4000K),-
PB0883,LED 각도조절 확산형 3인치 9502 주광색(6000K),-
PB0884,월넛 원형 트레이 S,0
PB0885,월넛 원형 트레이 M,0
PB0886,월넛 원형 트레이 L,0
PB0887,월넛 사각형 트레이 S,0
PB0888,월넛 사각형 트레이 M,0
PB0889,월넛 사각형 트레이 L,0
PB0890,느티나무 원형 트레이 S,0
PB0891,느티나무 원형 트레이 M,0
PB0892,느티나무 원형 트레이 L,0
PB0893,느티나무 사각형 트레이 S,0
PB0894,느티나무 사각형 트레이 M,0
PB0895,느티나무 사각형 트레이 L,0
PB0896,폴라베어 도어후크 싱크대(18T)검정볼+싱크대(18T)검정볼,0
PB0897,폴라베어 도어후크 싱크대(18T)삼색볼+싱크대(18T)검정볼,0
PB0898,폴라베어 도어후크 싱크대(18T)삼색볼+싱크대(18T)삼색볼,0
PB0899,폴라베어 도어후크 싱크대(18T)검정볼+방문(45T)검정볼,0
PB0900,폴라베어 도어후크 싱크대(18T)삼색볼+방문(45T)검정볼,0
PB0901,폴라베어 도어후크 싱크대(18T)검정볼+방문(45T)삼색볼,0
PB0902,폴라베어 도어후크 싱크대(18T)삼색볼+방문(45T)삼색볼,0
PB0903,폴라베어 도어후크 방문(45T)검정볼+방문(45T) 검정볼,0
PB0904,폴라베어 도어후크 방문(45T)삼색볼+방문(45T) 검정볼,0
PB0905,폴라베어 도어후크 방문(45T)삼색볼+방문(45T)삼색볼,0
PB0906,폴라베어 도어후크 싱크대후크(18T) 검정볼,0
PB0907,폴라베어 도어후크 싱크대후크(18T) 삼색볼,0
PB0908,폴라베어 도어후크 방문후크(45T) 검정볼,0
PB0909,폴라베어 도어후크 방문후크(45T) 삼색볼,0
PB0910,소룩스 LED 보브 640X640(60W) 주백색 4000K,0
PB0911,소룩스 LED 보브 640X640(60W) 주광색 5700K,0
PB0912,소룩스 LED 보브 765X765(80W) 주백색 4000K,0
PB0913,소룩스 LED 보브 765X765(80W) 주광색 5700K,0
PB0914,남영 원형직부등 220(9인치) 주광색,0
PB0915,남영 사각직부등 220(9인치) 주광색,0
PB0916,남영 원형직부등 250(10인치) 주광색,0
PB0917,남영 사각직부등 250(10인치) 주광색,0
PB0918,남영 원형센서등 220(9인치) 주광색,0
PB0919,남영 사각센서등 220(9인치) 주광색,0
PB0920,남영 원형센서등 250(10인치) 주광색,0
PB0921,남영 사각센서등 250(10인치) 주광색,0
PB0922,LED 3인치 슬림테 다운라이트 7510 전구색(3000K),0
PB0923,LED 3인치 슬림테 다운라이트 7510 주백색(4000K),0
PB0924,LED 3인치 슬림테 다운라이트 7510 주광색(6000K),0
PB0925,LED 4인치 집중형 다운라이트 2020 전구색(3000K),0
PB0926,LED 4인치 집중형 다운라이트 2020 주백색(4000K),0
PB0927,LED 4인치 집중형 다운라이트 2020 주광색(6000K),0
PB0928,LED 4인치 확산형 욕실등 방습형 5203 전구색(3000K),0
PB0929,LED 4인치 확산형 욕실등 방습형 5203 주백색(4000K),0
PB0930,LED 4인치 확산형 욕실등 방습형 5203 주광색(6000K),0
PB0931,LED 5인치 확산형 다운라이트 5204 전구색(3000K),0
PB0932,LED 5인치 확산형 다운라이트 5204 주백색(4000K),0
PB0933,LED 5인치 확산형 다운라이트 5204 주광색(6000K),0
PB0934,LED 5인치 집중형 다운라이트 2021 전구색(3000K),0
PB0935,LED 5인치 집중형 다운라이트 2021 주백색(4000K),0
PB0936,LED 5인치 집중형 다운라이트 2021 주광색(6000K),0
PB0937,LED 5인치 확산형 다운라이트 5124 전구색(3000K),0
PB0938,LED 5인치 확산형 다운라이트 5124 주백색(4000K),0
PB0939,LED 5인치 확산형 다운라이트 5124 주광색(6000K),0
PB0940,LED 6인치 확산형 다운라이트 5125 전구색(3000K),0
PB0941,LED 6인치 확산형 다운라이트 5125 주백색(4000K),0
PB0942,LED 6인치 확산형 다운라이트 5125 주광색(6000K),0
PB0943,소룩스 유닛 750X750(80W) 주백색(4000K),0
PB0944,소룩스 유닛 750X750(80W) 주광색(5700K),0
PB0945,원목도마오일 500ml,0
PB0946,원목도마오일 200ml,0
PB0947,1회분 원목도마오일 10ml 패키지,0
PB0948,오일전용천(3장),0
PB0949,전용사포 180방,0
PB0950,전용사포 400방,0
PB0951,오일전용 장갑M(여성용) 1장,0
PB0952,오일전용 장갑L(남성용) 1장,0
PB0953,LED 5인치 확산형 다운라이트 5115 전구색(3000K),0
PB0954,LED 5인치 확산형 다운라이트 5115 주백색(4000K),0
PB0955,LED 5인치 확산형 다운라이트 5115 주광색(6000K),0
PB0956,LED 4인치 집중형 다운라이트 각도조절 9178 전구색(3000K),0
PB0957,LED 4인치 집중형 다운라이트 각도조절 9178 주백색(4000K),0
PB0958,LED 4인치 집중형 다운라이트 각도조절 9178 주광색(6000K),0
PB0959,아이오 방열판 파파야시스템 5평(소폭),0
PB0960,아이오 방열판 파파야시스템 7평,0
PB0961,아이오 방열판 파파야시스템 15평(광폭),0
PB0962,아이오 방열판 고정 U-PIN 1갑(300개입),0
PB0963,-,-
PB0964,-,-
PB0965,-,-
PB0966,3.5인치 집중형 다운라이트 안티 9552 전구색(3000K),0
PB0967,3.5인치 집중형 다운라이트 안티 9552 주백색(4000K),0
PB0968,3.5인치 집중형 다운라이트 안티 9552 주광색(6000K),0
PB0969,2.5인치 집중형 다운라이트 안티 9551 전구색(3000K),0
PB0970,2.5인치 집중형 다운라이트 안티 9551 주백색(4000K),0
PB0971,2.5인치 집중형 다운라이트 안티 9551 주광색(6000K),0
PB0972,-,-
PB0973,-,-
PB0974,-,-
PB0975,-,-
PB0976,-,-
PB0977,-,-
PB0978,3.5인치 집중형 다운라이트 안티 9550 전구색(3000K),0
PB0979,3.5인치 집중형 다운라이트 안티 9550 주백색(4000K),0
PB0980,3.5인치 집중형 다운라이트 안티 9550 주광색(6000K),0
PB0981,LED 3인치 집중형 다운라이트 905 전구색(3000K),0
PB0982,LED 3인치 집중형 다운라이트 905 주백색(4000K),0
PB0983,LED 3인치 집중형 다운라이트 905 주광색(6000K),0
PB0984,느티나무 큰도마(400X240),0
PB0985,월넛 큰도마(400X240),0
PB0986,LED 4인치 집중형 다운라이트 각도조절 5282 전구색(3000K),0
PB0987,LED 4인치 집중형 다운라이트 각도조절 5282 주백색(4000K),0
PB0988,LED 4인치 집중형 다운라이트 각도조절 5282 주광색(6000K),0
PB0989,느티나무 작은도마(350X210),0
PB0990,월넛 작은도마(350X210),0
PB0991,엠제로 곰팡이제거제 500ml,0
PB0992,엠제로 곰팡이제거제 3.78L,0
PB0993,엠제로 항균코팅제 450ml,0
PB0994,엠제로 항균코팅제 3.78L,0
PB0995,엠제로 중화제(냄새제거) 500ml,0
PB0996,엠제로 중화제(냄새제거) 3.78L,0
PB0997,엠제로 벽지제거제 월페이퍼리무버 500ml,0
PB0998,엠제로 벽지제거제 월페이퍼리무버 3.78L,0
PB0999,엠제로 실리콘곰팡이제거제 220ml,0
PB1000,엠제로 결로방지페인트 1L,0
PB1001,엠제로 결로방지페인트 4L,0
PB1002,엠제로 결로방지페인트 18L,0
PB1003,소룩스 LED 엣지 평판 누리 625X200(25W) 주광색(5700K),0
PB1004,소룩스 LED 엣지 평판 누리 520X520(36W) 주백색(4000K),0
PB1005,남영 LED 엣지 거실등 아톰 640X640(50W) 주백색(4000K),0
PB1006,남영 LED 엣지 거실등 아톰 640X640(50W) 주광색(6500K),0
PB1007,남영 LED 엣지 거실등 아톰 1285X190(50W) 주백색(4000K),0
PB1008,LED 3인치 슬림테 다운라이트 5161 전구색(3000K),0
PB1009,LED 3인치 슬림테 다운라이트 5161 주백색(4000K),0
PB1010,LED 3인치 슬림테 다운라이트 5161 주광색(6000K),0
PB1011,와고커넥터 와고 221-2411(직결형) 60개입,0
PB1012,와고커넥터 단선용 와고 2273-202 100개입,0
PB1013,와고커넥터 단선용 와고 2273-203 100개입,0
PB1014,와고커넥터 단선용 와고 2273-204 100개입,0
PB1015,와고커넥터 단선용 와고 2273-205 100개입,0
PB1016,와고커넥터 단선용 와고 2273-208 50개입,0
PB1017,와고커넥터 조명용 1:1연결 100개입,0
PB1018,와고커넥터 조명용 2:1연결 100개입,0
PB1019,와고커넥터 전선용 와고 221-412 100개입,0
PB1020,와고커넥터 전선용 와고 221-413 50개입,0
PB1021,와고커넥터 전선용 와고 221-415 25개입,0
PB1022,와고커넥터 전선용 와고 221-612 50개입,0
PB1023,와고커넥터 전선용 와고 221-613 30개입,0
PB1024,와고커넥터 전선용 와고 221-615 15개입,0
PB1025,퍼스트 LED 원형센서등 주백색(4000K),0
PB1026,퍼스트 LED 원형센서등 주광색(5700K),0
PB1027,퍼스트 LED 사각센서등 주백색(4000K),0
PB1028,퍼스트 LED 사각센서등 주광색(5700K),0
PB1029,퍼스트 LED 원형직부등 주백색(4000K),0
PB1030,퍼스트 LED 원형직부등 주광색(5700K),0
PB1031,퍼스트 LED 원형직부등 전구색(3000K),0
PB1032,퍼스트 LED 사각직부등 주백색(4000K),0
PB1033,퍼스트 LED 사각직부등 주광색(5700K),0
PB1034,퍼스트 LED 사각직부등 전구색(3000K),0
PB1035,LED 3인치 집중형 다운라이트 917 전구색(3000K),0
PB1036,LED 3인치 집중형 다운라이트 917 주백색(4000K),0
PB1037,LED 3인치 집중형 다운라이트 917 주광색(6000K),0
PB1038,이중 실린더 턴다운 매입등 4인치(10W) 전구색(3000K),0
PB1039,이중 실린더 턴다운 매입등 4인치(10W) 주백색(4000K),0
PB1040,에어블로우 실링팬 C1미니 (42인치) 몸통 화이트 날개 화이트,0
PB1041,에어블로우 실링팬 C1미니 (42인치) 몸통 화이트 날개 블랙,0
PB1042,에어블로우 실링팬 C1미니 (42인치) 몸통 화이트 날개 메이플,0
PB1043,에어블로우 실링팬 C1미니 (42인치) 몸통 화이트 날개 체리,0
PB1044,에어블로우 실링팬 C1미니 (42인치) 몸통 화이트 날개 크림,0
PB1045,에어블로우 실링팬 C1미니 (42인치) 몸통 블랙 날개 화이트,0
PB1046,에어블로우 실링팬 C1미니 (42인치) 몸통 블랙 날개 블랙,0
PB1047,에어블로우 실링팬 C1미니 (42인치) 몸통 블랙 날개 메이플,0
PB1048,에어블로우 실링팬 C1미니 (42인치) 몸통 블랙 날개 체리,0
PB1049,에어블로우 실링팬 C1미니 (42인치) 몸통 블랙 날개 크림,0
PB1050,에어블로우 실링팬 C1미니 (42인치) 몸통 실버 날개 화이트,0
PB1051,에어블로우 실링팬 C1미니 (42인치) 몸통 실버 날개 블랙,0
PB1052,에어블로우 실링팬 C1미니 (42인치) 몸통 실버 날개 메이플,0
PB1053,에어블로우 실링팬 C1미니 (42인치) 몸통 실버 날개 체리,0
PB1054,에어블로우 실링팬 C1미니 (42인치) 몸통 실버 날개 크림,0
PB1055,에어블로우 실링팬 C1미니 (42인치) 몸통 크림 날개 화이트,0
PB1056,에어블로우 실링팬 C1미니 (42인치) 몸통 크림 날개 블랙,0
PB1057,에어블로우 실링팬 C1미니 (42인치) 몸통 크림 날개 메이플,0
PB1058,에어블로우 실링팬 C1미니 (42인치) 몸통 크림 날개 체리,0
PB1059,에어블로우 실링팬 C1미니 (42인치) 몸통 크림 날개 크림,0
PB1060,에어블로우 실링팬 C1 (52인치) 몸통 화이트 날개 화이트,0
PB1061,에어블로우 실링팬 C1 (52인치) 몸통 화이트 날개 블랙,0
PB1062,에어블로우 실링팬 C1 (52인치) 몸통 화이트 날개 메이플,0
PB1063,에어블로우 실링팬 C1 (52인치) 몸통 화이트 날개 체리,0
PB1064,에어블로우 실링팬 C1 (52인치) 몸통 화이트 날개 크림,0
PB1065,에어블로우 실링팬 C1 (52인치) 몸통 블랙 날개 화이트,0
PB1066,에어블로우 실링팬 C1 (52인치) 몸통 블랙 날개 블랙,0
PB1067,에어블로우 실링팬 C1 (52인치) 몸통 블랙 날개 메이플,0
PB1068,에어블로우 실링팬 C1 (52인치) 몸통 블랙 날개 체리,0
PB1069,에어블로우 실링팬 C1 (52인치) 몸통 블랙 날개 크림,0
PB1070,에어블로우 실링팬 C1 (52인치) 몸통 실버 날개 화이트,0
PB1071,에어블로우 실링팬 C1 (52인치) 몸통 실버 날개 블랙,0
PB1072,에어블로우 실링팬 C1 (52인치) 몸통 실버 날개 메이플,0
PB1073,에어블로우 실링팬 C1 (52인치) 몸통 실버 날개 체리,0
PB1074,에어블로우 실링팬 C1 (52인치) 몸통 실버 날개 크림,0
PB1075,에어블로우 실링팬 C1 (52인치) 몸통 크림 날개 화이트,0
PB1076,에어블로우 실링팬 C1 (52인치) 몸통 크림 날개 블랙,0
PB1077,에어블로우 실링팬 C1 (52인치) 몸통 크림 날개 메이플,0
PB1078,에어블로우 실링팬 C1 (52인치) 몸통 크림 날개 체리,0
PB1079,에어블로우 실링팬 C1 (52인치) 몸통 크림 날개 크림,0
PB1080,에어블로우 실링팬 C2미니 (42인치) 몸통 화이트 날개 화이트,0
PB1081,에어블로우 실링팬 C2미니 (42인치) 몸통 화이트 날개 블랙,0
PB1082,에어블로우 실링팬 C2미니 (42인치) 몸통 화이트 날개 메이플,0
PB1083,에어블로우 실링팬 C2미니 (42인치) 몸통 화이트 날개 체리,0
PB1084,에어블로우 실링팬 C2미니 (42인치) 몸통 화이트 날개 크림,0
PB1085,에어블로우 실링팬 C2미니 (42인치) 몸통 블랙 날개 화이트,0
PB1086,에어블로우 실링팬 C2미니 (42인치) 몸통 블랙 날개 블랙,0
PB1087,에어블로우 실링팬 C2미니 (42인치) 몸통 블랙 날개 메이플,0
PB1088,에어블로우 실링팬 C2미니 (42인치) 몸통 블랙 날개 체리,0
PB1089,에어블로우 실링팬 C2미니 (42인치) 몸통 블랙 날개 크림,0
PB1090,에어블로우 실링팬 C2미니 (42인치) 몸통 실버 날개 화이트,0
PB1091,에어블로우 실링팬 C2미니 (42인치) 몸통 실버 날개 블랙,0
PB1092,에어블로우 실링팬 C2미니 (42인치) 몸통 실버 날개 메이플,0
PB1093,에어블로우 실링팬 C2미니 (42인치) 몸통 실버 날개 체리,0
PB1094,에어블로우 실링팬 C2미니 (42인치) 몸통 실버 날개 크림,0
PB1095,에어블로우 실링팬 C2미니 (42인치) 몸통 크림 날개 화이트,0
PB1096,에어블로우 실링팬 C2미니 (42인치) 몸통 크림 날개 블랙,0
PB1097,에어블로우 실링팬 C2미니 (42인치) 몸통 크림 날개 메이플,0
PB1098,에어블로우 실링팬 C2미니 (42인치) 몸통 크림 날개 체리,0
PB1099,에어블로우 실링팬 C2미니 (42인치) 몸통 크림 날개 크림,0
PB1100,에어블로우 실링팬 C2 (52인치) 몸통 화이트 날개 화이트,0
PB1101,에어블로우 실링팬 C2 (52인치) 몸통 화이트 날개 블랙,0
PB1102,에어블로우 실링팬 C2 (52인치) 몸통 화이트 날개 메이플,0
PB1103,에어블로우 실링팬 C2 (52인치) 몸통 화이트 날개 체리,0
PB1104,에어블로우 실링팬 C2 (52인치) 몸통 화이트 날개 크림,0
PB1105,에어블로우 실링팬 C2 (52인치) 몸통 블랙 날개 화이트,0
PB1106,에어블로우 실링팬 C2 (52인치) 몸통 블랙 날개 블랙,0
PB1107,에어블로우 실링팬 C2 (52인치) 몸통 블랙 날개 메이플,0
PB1108,에어블로우 실링팬 C2 (52인치) 몸통 블랙 날개 체리,0
PB1109,에어블로우 실링팬 C2 (52인치) 몸통 블랙 날개 크림,0
PB1110,에어블로우 실링팬 C2 (52인치) 몸통 실버 날개 화이트,0
PB1111,에어블로우 실링팬 C2 (52인치) 몸통 실버 날개 블랙,0
PB1112,에어블로우 실링팬 C2 (52인치) 몸통 실버 날개 메이플,0
PB1113,에어블로우 실링팬 C2 (52인치) 몸통 실버 날개 체리,0
PB1114,에어블로우 실링팬 C2 (52인치) 몸통 실버 날개 크림,0
PB1115,에어블로우 실링팬 C2 (52인치) 몸통 크림 날개 화이트,0
PB1116,에어블로우 실링팬 C2 (52인치) 몸통 크림 날개 블랙,0
PB1117,에어블로우 실링팬 C2 (52인치) 몸통 크림 날개 메이플,0
PB1118,에어블로우 실링팬 C2 (52인치) 몸통 크림 날개 체리,0
PB1119,에어블로우 실링팬 C2 (52인치) 몸통 크림 날개 크림,0
PB1120,에어블로우 실링팬 C3 (52인치) 몸통 화이트 날개 화이트,0
PB1121,에어블로우 실링팬 C3 (52인치) 몸통 화이트 날개 블랙,0
PB1122,에어블로우 실링팬 C3 (52인치) 몸통 화이트 날개 메이플,0
PB1123,에어블로우 실링팬 C3 (52인치) 몸통 화이트 날개 체리,0
PB1124,에어블로우 실링팬 C3 (52인치) 몸통 블랙 날개 화이트,0
PB1125,에어블로우 실링팬 C3 (52인치) 몸통 블랙 날개 블랙,0
PB1126,에어블로우 실링팬 C3 (52인치) 몸통 블랙 날개 메이플,0
PB1127,에어블로우 실링팬 C3 (52인치) 몸통 블랙 날개 체리,0
PB1128,에어블로우 실링팬 C3 (52인치) 몸통 실버 날개 화이트,0
PB1129,에어블로우 실링팬 C3 (52인치) 몸통 실버 날개 블랙,0
PB1130,에어블로우 실링팬 C3 (52인치) 몸통 실버 날개 메이플,0
PB1131,에어블로우 실링팬 C3 (52인치) 몸통 실버 날개 체리,0
PB1132,에어블로우 실링팬 C4 (52인치) 몸통 화이트 날개 화이트,0
PB1133,에어블로우 실링팬 C4 (52인치) 몸통 화이트 날개 블랙,0
PB1134,에어블로우 실링팬 C4 (52인치) 몸통 화이트 날개 메이플,0
PB1135,에어블로우 실링팬 C4 (52인치) 몸통 화이트 날개 체리,0
PB1136,에어블로우 실링팬 C4 (52인치) 몸통 블랙 날개 화이트,0
PB1137,에어블로우 실링팬 C4 (52인치) 몸통 블랙 날개 블랙,0
PB1138,에어블로우 실링팬 C4 (52인치) 몸통 블랙 날개 메이플,0
PB1139,에어블로우 실링팬 C4 (52인치) 몸통 블랙 날개 체리,0
PB1140,에어블로우 실링팬 C4 (52인치) 몸통 실버 날개 화이트,0
PB1141,에어블로우 실링팬 C4 (52인치) 몸통 실버 날개 블랙,0
PB1142,에어블로우 실링팬 C4 (52인치) 몸통 실버 날개 메이플,0
PB1143,에어블로우 실링팬 C4 (52인치) 몸통 실버 날개 체리,0
PB1144,에어블로우 실링팬 C5 (52인치) 몸통 화이트 날개 화이트,0
PB1145,에어블로우 실링팬 C5 (52인치) 몸통 화이트 날개 블랙,0
PB1146,에어블로우 실링팬 C5 (52인치) 몸통 화이트 날개 메이플,0
PB1147,에어블로우 실링팬 C5 (52인치) 몸통 화이트 날개 체리,0
PB1148,에어블로우 실링팬 C5 (52인치) 몸통 블랙 날개 화이트,0
PB1149,에어블로우 실링팬 C5 (52인치) 몸통 블랙 날개 블랙,0
PB1150,에어블로우 실링팬 C5 (52인치) 몸통 블랙 날개 메이플,0
PB1151,에어블로우 실링팬 C5 (52인치) 몸통 블랙 날개 체리,0
PB1152,에어블로우 실링팬 C5 (52인치) 몸통 실버 날개 화이트,0
PB1153,에어블로우 실링팬 C5 (52인치) 몸통 실버 날개 블랙,0
PB1154,에어블로우 실링팬 C5 (52인치) 몸통 실버 날개 메이플,0
PB1155,에어블로우 실링팬 C5 (52인치) 몸통 실버 날개 체리,0
PB1156,에어블로우 연장키트 화이트 11cm,0
PB1157,에어블로우 연장키트 화이트 30cm,0
PB1158,에어블로우 연장키트 화이트 60cm,0
PB1159,에어블로우 연장키트 화이트 90cm,0
PB1160,에어블로우 연장키트 블랙 11cm,0
PB1161,에어블로우 연장키트 블랙 60cm,0
PB1162,에어블로우 연장키트 블랙 90cm,0
PB1163,에어블로우 연장키트 실버 11cm,0
PB1164,에어블로우 연장키트 실버 60cm,0
PB1165,에어블로우 연장키트 실버 90cm,0
PB1166,LED 3인치 슬림테 집중형 다운라이트 956 전구색(3000K),0
PB1167,LED 3인치 슬림테 집중형 다운라이트 956 주백색(4000K),0
PB1168,LED 3인치 슬림테 집중형 다운라이트 956 주광색(6000K),0
PB1169,LED 3인치 슬림테 확산형 다운라이트 738 전구색(3000K),0
PB1170,LED 3인치 슬림테 확산형 다운라이트 738 주백색(4000K),0
PB1171,LED 3인치 슬림테 확산형 다운라이트 738 주광색(6000K),0
PB1172,LED 2.5인치 슬림테 집중형 다운라이트 953 전구색(3000K),0
PB1173,LED 2.5인치 슬림테 집중형 다운라이트 953 주백색(4000K),0
PB1174,LED 2.5인치 슬림테 집중형 다운라이트 953 주광색(6000K),0
PB1175,LED 직다운 3인치 다운라이트 전구색(3000K),0
PB1176,LED 직다운 3인치 다운라이트 주백색(4000K),0
PB1177,LED 2인치 슬림테 집중형 다운라이트 954 전구색(3000K),0
PB1178,LED 2인치 슬림테 집중형 다운라이트 954 주백색(4000K),0
PB1179,LED 2인치 슬림테 집중형 다운라이트 954 주광색(6000K),0
PB1180,LED 3인치 확산형 다운라이트 5131 전구색(3000K),0
PB1181,LED 3인치 확산형 다운라이트 5131 주백색(4000K),0
PB1182,LED 3인치 확산형 다운라이트 5131 주광색(6000K),0
PB1183,LED 6인치 확산형 다운라이트 5116 전구색(3000K),0
PB1184,LED 6인치 확산형 다운라이트 5116 주백색(4000K),0
PB1185,LED 6인치 확산형 다운라이트 5116 주광색(6000K),0
PB1186,LED 2인치 집중형 다운라이트 9913 전구색(3000K),0
PB1187,LED 2인치 집중형 다운라이트 9913 주백색(4000K),0
PB1188,LED 2인치 집중형 다운라이트 9913 주광색(6000K),0
PB1189,LED 3인치 확산형 다운라이트 5271 전구색(3000K),0
PB1190,LED 3인치 확산형 다운라이트 5271 주백색(4000K),0
PB1191,LED 3인치 확산형 다운라이트 5271 주광색(6000K),0
PB1192,이중 실린더 턴다운 매입등 3인치(5W) 전구색(3000K),0
PB1193,이중 실린더 턴다운 매입등 3인치(5W) 주백색(4000K),0
PB1194,남영 T5 전원코드 1.5M(중간스위치),0
PB1195,남영 T5 전원코드 3M(중간스위치),0
PB1196,남영 T5 전원코드 1.5M,0
PB1197,남영 T5 전원코드 3M,0
PB1198,남영 T5 전원스위치(점등X),0
PB1199,남영 T5 5W 300mm 전구색(3000K),0
PB1200,남영 T5 5W 300mm 전주백색(3500K),0
PB1201,남영 T5 5W 300mm 주백색(4000K),0
PB1202,남영 T5 5W 300mm 주광색(6500K),0
PB1203,남영 T5 7W 400mm 전구색(3000K),0
PB1204,남영 T5 7W 400mm 전주백색(3500K),0
PB1205,남영 T5 7W 400mm 주백색(4000K),0
PB1206,남영 T5 7W 400mm 주광색(6500K),0
PB1207,남영 T5 10W 600mm 전구색(3000K),0
PB1208,남영 T5 10W 600mm 전주백색(3500K),0
PB1209,남영 T5 10W 600mm 주백색(4000K),0
PB1210,남영 T5 10W 600mm 주광색(6500K),0
PB1211,남영 T5 15W 900mm 전구색(3000K),0
PB1212,남영 T5 15W 900mm 전주백색(3500K),0
PB1213,남영 T5 15W 900mm 주백색(4000K),0
PB1214,남영 T5 15W 900mm 주광색(6500K),0
PB1215,남영 T5 20W 1200mm 전구색(3000K),0
PB1216,남영 T5 20W 1200mm 전주백색(3500K),0
PB1217,남영 T5 20W 1200mm 주백색(4000K),0
PB1218,남영 T5 20W 1200mm 주광색(6500K),0
PB1219,LED 1.5인치 집중형 다운라이트 998 전구색(3000K),0
PB1220,LED 1.5인치 집중형 다운라이트 998 주백색(4000K),0
PB1221,LED 1.5인치 집중형 다운라이트 998 주광색(6000K),0
PB1222,LED 3인치 확산형 다운라이트 5121 전구색(3000K),0
PB1223,LED 3인치 확산형 다운라이트 5121 주백색(4000K),0
PB1224,LED 3인치 확산형 다운라이트 5121 주광색(6000K),0
PB1225,LED 3인치 집중형 다운라이트 방습등 9500 전구색(3000K),0
PB1226,LED 3인치 집중형 다운라이트 방습등 9500 주백색(4000K),0
PB1227,LED 3인치 집중형 다운라이트 방습등 9500 주광색(6000K),0
PB1228,LED 4인치 확산형 다운라이트 5123 전구색(3000K),0
PB1229,LED 4인치 확산형 다운라이트 5123 주백색(4000K),0
PB1230,LED 4인치 확산형 다운라이트 5123 주광색(6000K),0
PB1231,갈갈이시트 시트지 제거기,0
PB1232,갈갈이시트 교체용 칼날세트(100개입),0
PB1233,LED 4인치 집중형 다운라이트 5236 전구색(3000K),0
PB1234,LED 4인치 집중형 다운라이트 5236 주백색(4000K),0
PB1235,LED 4인치 집중형 다운라이트 5236 주광색(6000K),0
PB1236,LED 3인치 집중형 다운라이트 5291 전구색(3000K),0
PB1237,LED 3인치 집중형 다운라이트 5291 주백색(4000K),0
PB1238,LED 3인치 집중형 다운라이트 5291 주광색(6000K),0
PB1239,LED 3인치 확산형 방습등 다운라이트 5251 전구색(3000K),0
PB1240,LED 3인치 확산형 방습등 다운라이트 5251 주백색(4000K),0
PB1241,LED 3인치 확산형 방습등 다운라이트 5251 주광색(6000K),0
PB1242,LED 3.5인치 집중형 다운라이트 913 전구색(3000K),0
PB1243,LED 3.5인치 집중형 다운라이트 913 주백색(4000K),0
PB1244,LED 3.5인치 집중형 다운라이트 913 주광색(6000K),0
PB1245,LED 2인치 집중형 다운라이트 903 전구색(3000K),0
PB1246,LED 2인치 집중형 다운라이트 903 주백색(4000K),0
PB1247,LED 2인치 집중형 다운라이트 903 주광색(6000K),0
PB1248,ABB 단로 스위치 1구 화이트,0
PB1249,ABB 단로 스위치 1구 실버,0
PB1250,ABB 단로 스위치 1구 안트라사이트,0
PB1251,ABB 단로 스위치 1구 샴페인,0
PB1252,ABB 단로 스위치 2구 화이트,0
PB1253,ABB 단로 스위치 2구 실버,0
PB1254,ABB 단로 스위치 2구 안트라사이트,0
PB1255,ABB 단로 스위치 2구 샴페인,0
PB1256,ABB 단로 스위치 3구 화이트,0
PB1257,ABB 단로 스위치 3구 실버,0
PB1258,ABB 단로 스위치 3구 안트라사이트,0
PB1259,ABB 단로 스위치 3구 샴페인,0
PB1260,ABB 단로 스위치 4구 화이트,0
PB1261,ABB 단로 스위치 4구 실버,0
PB1262,ABB 단로 스위치 4구 안트라사이트,0
PB1263,ABB 단로 스위치 4구 샴페인,0
PB1264,ABB 단로 스위치 5구 화이트,0
PB1265,ABB 단로 스위치 5구 실버,0
PB1266,ABB 단로 스위치 5구 안트라사이트,0
PB1267,ABB 단로 스위치 5구 샴페인,0
PB1268,ABB 단로 스위치 6구 화이트,0
PB1269,ABB 단로 스위치 6구 실버,0
PB1270,ABB 단로 스위치 6구 안트라사이트,0
PB1271,ABB 단로 스위치 6구 샴페인,0
PB1272,ABB 3로 스위치 1구 화이트,0
PB1273,ABB 3로 스위치 1구 실버,0
PB1274,ABB 3로 스위치 1구 안트라사이트,0
PB1275,ABB 3로 스위치 1구 샴페인,0
PB1276,ABB 3로 스위치 2구 화이트,0
PB1277,ABB 3로 스위치 2구 실버,0
PB1278,ABB 3로 스위치 2구 안트라사이트,0
PB1279,ABB 3로 스위치 2구 샴페인,0
PB1280,ABB 3로 스위치 3구 화이트,0
PB1281,ABB 3로 스위치 3구 실버,0
PB1282,ABB 3로 스위치 3구 안트라사이트,0
PB1283,ABB 3로 스위치 3구 샴페인,0
PB1284,ABB 조합형 스위치 2구(단로1구+3로1구) 화이트,0
PB1285,ABB 조합형 스위치 2구(단로1구+3로1구) 실버,0
PB1286,ABB 조합형 스위치 2구(단로1구+3로1구) 안트라사이트,0
PB1287,ABB 조합형 스위치 2구(단로1구+3로1구) 샴페인,0
PB1288,ABB 조합형 스위치 3구(단로2구+3로1구) 화이트,0
PB1289,ABB 조합형 스위치 3구(단로2구+3로1구) 실버,0
PB1290,ABB 조합형 스위치 3구(단로2구+3로1구) 안트라사이트,0
PB1291,ABB 조합형 스위치 3구(단로2구+3로1구) 샴페인,0
PB1292,ABB 조합형 스위치 4구(단로3구+3로1구) 화이트,0
PB1293,ABB 조합형 스위치 4구(단로3구+3로1구) 실버,0
PB1294,ABB 조합형 스위치 4구(단로3구+3로1구) 안트라사이트,0
PB1295,ABB 조합형 스위치 4구(단로3구+3로1구) 샴페인,0
PB1296,ABB 조합형 스위치 5구(단로4구+3로1구) 화이트,0
PB1297,ABB 조합형 스위치 5구(단로4구+3로1구) 실버,0
PB1298,ABB 조합형 스위치 5구(단로4구+3로1구) 안트라사이트,0
PB1299,ABB 조합형 스위치 5구(단로4구+3로1구) 샴페인,0
PB1300,ABB 조합형 스위치 6구(단로5구+3로1구) 화이트,0
PB1301,ABB 조합형 스위치 6구(단로5구+3로1구) 실버,0
PB1302,ABB 조합형 스위치 6구(단로5구+3로1구) 안트라사이트,0
PB1303,ABB 조합형 스위치 6구(단로5구+3로1구) 샴페인,0
PB1304,ABB 일반형 콘센트 1구(220V) 화이트,0
PB1305,ABB 일반형 콘센트 1구(220V) 실버,0
PB1306,ABB 일반형 콘센트 1구(220V) 안트라사이트,0
PB1307,ABB 일반형 콘센트 1구(220V) 샴페인,0
PB1308,ABB 방우형 콘센트 1구(220V) 화이트,0
PB1309,ABB 방우형 콘센트 1구(220V) 실버,0
PB1310,ABB 방우형 콘센트 1구(220V) 안트라사이트,0
PB1311,ABB 방우형 콘센트 1구(220V) 샴페인,0
PB1312,ABB USB 충전 2구 독립형(A타입) 화이트,0
PB1313,ABB USB 충전 2구 독립형(A타입) 실버,0
PB1314,ABB USB 충전 2구 독립형(A타입) 안트라사이트,0
PB1315,ABB USB 충전 2구 독립형(A타입) 샴페인,0
PB1316,ABB USB 충전 2구 독립형(B타입) 화이트,0
PB1317,ABB USB 충전 2구 독립형(B타입) 실버,0
PB1318,ABB USB 충전 2구 독립형(B타입) 안트라사이트,0
PB1319,ABB USB 충전 2구 독립형(B타입) 샴페인,0
PB1320,ABB LAN 통신 1구 화이트,0
PB1321,ABB LAN 통신 1구 실버,0
PB1322,ABB LAN 통신 1구 안트라사이트,0
PB1323,ABB LAN 통신 1구 샴페인,0
PB1324,ABB LAN 통신 2구 화이트,0
PB1325,ABB LAN 통신 2구 실버,0
PB1326,ABB LAN 통신 2구 안트라사이트,0
PB1327,ABB LAN 통신 2구 샴페인,0
PB1328,ABB 맹커버1개용 화이트,0
PB1329,LED 3인치 확산형 다운라이트 983 전구색(3000K),0
PB1330,LED 3인치 확산형 다운라이트 983 주백색(4000K),0
PB1331,LED 3인치 확산형 다운라이트 983 주광색(6000K),0
PB1332,LED 4인치 확산형 다운라이트 5114 전구색(3000K),0
PB1333,LED 4인치 확산형 다운라이트 5114 주백색(4000K),0
PB1334,LED 4인치 확산형 다운라이트 5114 주광색(6000K),0
PB1335,LED 4인치 집중형 다운라이트 5293 전구색(3000K),0
PB1336,LED 4인치 집중형 다운라이트 5293 주백색(4000K),0
PB1337,LED 4인치 집중형 다운라이트 5293 주광색(6000K),0
PB1338,LED 2인치 집중형 다운라이트 9511 전구색(3000K),0
PB1339,LED 2인치 집중형 다운라이트 9511 주백색(4000K),0
PB1340,LED 2인치 집중형 다운라이트 9511 주광색(6000K),0
PB1341,LED 3인치 집중형 다운라이트 9161 전구색(3000K),0
PB1342,LED 3인치 집중형 다운라이트 9161 주백색(4000K),0
PB1343,LED 3인치 집중형 다운라이트 9161 주광색(6000K),0
PB1344,LED 스포트레일조명 EL-9076 (COB 12W) 화이트 전구색(3000K),0
PB1345,LED 스포트레일조명 EL-9076 (COB 12W) 화이트 주백색(4000K),0
PB1346,LED 스포트레일조명 EL-9077 (COB 21W) 화이트 전구색(3000K),0
PB1347,LED 스포트레일조명 EL-9077 (COB 21W) 화이트 주백색(4000K),0
PB1348,LED 스포트레일조명 EL-9078 (COB 36W) 화이트 전구색(3000K),0
PB1349,LED 스포트레일조명 EL-9078 (COB 36W) 화이트 주백색(4000K),0
PB1350,프라임 1개용 4구 무광화이트,0
PB1351,프라임 1개용 4구 유광 화이트,0
PB1352,프라임 1개용 4구 유광 블랙,0
PB1353,프라임 1개용 4구 실버펄,0
PB1354,전선풀링기 HIV 2.5SQ 보관함 전선풀링기,0
PB1355,LED잔광제거콘덴서,0
PB1356,서울산전 산업용 노출분전함 4분기,0
PB1357,서울산전 산업용 노출분전함 5분기,0
PB1358,서울산전 주택용 노출분전함 3분기,0
PB1359,서울산전 주택용 노출분전함 5분기,0
PB1360,서울산전 주택용 노출분전함 6분기,0
PB1361,압착단자 Y형터미널 2.5SQ,0
PB1362,압착단자 Y형터미널 4SQ,0
PB1363,압착단자 Y형터미널 2.5SQ 1봉 1000개,0
PB1364,압착단자 Y형터미널 4SQ 1봉 1000개,0
PB1365,위너스 일괄소등스위치 1구 벨로 화이트,0
PB1366,위너스 일괄소등스위치 1구 벨로 실버,0
PB1367,위너스 일괄소등스위치 1구 위너 화이트,0
PB1368,위너스 일괄소등스위치 터치식 이모티 화이트,0
PB1369,위너스 일괄소등스위치 터치식 이모티 실버,0
PB1370,신성계전 디지털 타임스위치 간판타이머 SST-30SD,0
PB1371,신성계전 디지털 타임스위치 간판타이머 SST-50SD,0
PB1372,접지플러그 ㄱ자형 화이트,0
PB1373,접지플러그 ㅡ자형 화이트,0
PB1374,위너스 결로방지 4구콘센트,0
PB1375,콘센트 보조대 1개용,0
PB1376,위너스 위너 4구 스위치,0
PB1377,위너스 위너 5구 스위치,0
PB1378,위너스 위너 6구 스위치,0
PB1379,위너스 위너 중2구 스위치,0
PB1380,위너스 위너 중3구 스위치,0
PB1381,위너스 위너 3로 1구스위치,0
PB1382_1,위너스 위너 매입 2구콘센트,0
PB1382,위너스 위너 매입 4구콘센트,0
PB1383,위너스 위너 전화콘센트 4P,0
PB1384,위너스 위너 인터넷콘센트 8p,0
PB1385,위너스 위너 전화 인터넷콘센트 4p+8p,0
PB1386,위너스 위너 인터넷 2구콘센트 8p+8p,0
PB1387,위너스 위너 CATV3방 1구콘센트,0
PB1388,위너스 위너 인터넷2구+ CATV1구(1방) 1개용,0
PB1389,위너스 위너 인터넷2구+ CATV1구(1방) 2개용,0
PB1390,위너스 위너 맹커버1개용,0
PB1391,위너스 위너 맹커버2개용,0
PB1392,위너스 위너 콘센트보조대1개용,0
PB1393,울빛 라인 40 100mm 전구색(3000K),0
PB1394,울빛 라인 40 200mm 전구색(3000K),0
PB1395,울빛 라인 40 300mm 전구색(3000K),0
PB1396,울빛 라인 40 400mm 전구색(3000K),0
PB1397,울빛 라인 40 500mm 전구색(3000K),0
PB1398,울빛 라인 40 1000mm 전구색(3000K),0
PB1399,울빛 라인 40 기역자형 전구색(3000K),0
PB1399_1,울빛 라인 40 티자형 전구색(3000K),0
PB1399_2,울빛 라인 40 십자형 전구색(3000K),0
PB1400,울빛 라인 40 100mm 주백색(4000K),0
PB1401,울빛 라인 40 200mm 주백색(4000K),0
PB1402,울빛 라인 40 300mm 주백색(4000K),0
PB1403,울빛 라인 40 400mm 주백색(4000K),0
PB1404,울빛 라인 40 500mm 주백색(4000K),0
PB1405,울빛 라인 40 1000mm 주백색(4000K),0
PB1406,울빛 라인 40 기역자형 주백색(4000K),0
PB1406_1,울빛 라인 40 티자형 주백색(4000K),0
PB1406_2,울빛 라인 40 십자형 주백색(4000K),0
PB1407,울빛 라인 40 100mm 주광색(6500K),0
PB1408,울빛 라인 40 200mm 주광색(6500K),0
PB1409,울빛 라인 40 300mm 주광색(6500K),0
PB1410,울빛 라인 40 400mm 주광색(6500K),0
PB1411,울빛 라인 40 500mm 주광색(6500K),0
PB1412,울빛 라인 40 1000mm 주광색(6500K),0
PB1413,울빛 라인 40 기역자형 주광색(6500K),0
PB1413_1,울빛 라인 40 티자형 주광색(6500K),0
PB1413_2,울빛 라인 40 십자형 주광색(6500K),0
PB1414,울빛 라인 60 100mm 전구색(3000K),0
PB1415,울빛 라인 60 200mm 전구색(3000K),0
PB1416,울빛 라인 60 300mm 전구색(3000K),0
PB1417,울빛 라인 60 400mm 전구색(3000K),0
PB1418,울빛 라인 60 500mm 전구색(3000K),0
PB1419,울빛 라인 60 1000mm 전구색(3000K),0
PB1420,울빛 라인 60 기역자형 전구색(3000K),0
PB1420_1,울빛 라인 60 티자형 전구색(3000K),0
PB1420_2,울빛 라인 60 십자형 전구색(3000K),0
PB1421,울빛 라인 60 100mm 주백색(4000K),0
PB1422,울빛 라인 60 200mm 주백색(4000K),0
PB1423,울빛 라인 60 300mm 주백색(4000K),0
PB1424,울빛 라인 60 400mm 주백색(4000K),0
PB1425,울빛 라인 60 500mm 주백색(4000K),0
PB1426,울빛 라인 60 1000mm 주백색(4000K),0
PB1427,울빛 라인 60 기역자형 주백색(4000K),0
PB1427_1,울빛 라인 60 티자형 주백색(6000K),0
PB1427_2,울빛 라인 60 십자형 주백색(6000K),0
PB1428,울빛 라인 60 100mm 주광색(6500K),0
PB1429,울빛 라인 60 200mm 주광색(6500K),0
PB1430,울빛 라인 60 300mm 주광색(6500K),0
PB1431,울빛 라인 60 400mm 주광색(6500K),0
PB1432,울빛 라인 60 500mm 주광색(6500K),0
PB1433,울빛 라인 60 1000mm 주광색(6500K),0
PB1434,울빛 라인 60 기역자형 주광색(6500K),0
PB1434_1,울빛 라인 60 티자형 주광색(6500K),0
PB1434_2,울빛 라인 60 십자형 주광색(6500K),0
PB1435,울빛 라인40커버 20m 1롤,0
PB1436,울빛 라인40커버 5m(재단),0
PB1436_1,울빛 라인40커버 10m(재단),0
PB1436_2,울빛 라인40커버 15m(재단),0
PB1437,울빛 라인40커버 좌1m(고정),0
PB1438,울빛 라인40커버 우1m(고정),0
PB1439,울빛 라인40사이드캡 2SET,0
PB1439_1,울빛 라인40커버 기역자형,0
PB1439_2,울빛 라인40커버 티자형,0
PB1439_3,울빛 라인40커버 십자형,0
PB1440,울빛 라인 전원선 10구 10.5m,0
PB1441,울빛 라인 전원선 A형 1구 2m,0
PB1442,울빛 라인 고정브라켓(스프링) 4개SET,0
PB1443,울빛 라인60커버 20m 1롤,0
PB1444,울빛 라인60커버 5m(재단),0
PB1444_1,울빛 라인60커버 10m(재단),0
PB1444_2,울빛 라인60커버 15m(재단),0
PB1445,울빛 라인60커버 좌1m(고정),0
PB1446,울빛 라인60커버 우1m(고정),0
PB1447,울빛 라인60사이드캡 2SET,0
PB1447_1,울빛 라인60커버 기역자형 (1조),0
PB1447_2,울빛 라인60커버 티자형,0
PB1447_3,울빛 라인60커버 십자형,0
PB1448,와고커넥터 와고 2773-2401 100개입,0
PB1449,SMPS 24V 100W,0
PB1450,SMPS 24V 200W,0
PB1451,SMPS 24V 300W,0
PB1451_1,SMPS 24V 60W,0
PB1452,남영 에코마일드 십자등 60W 주광색(6500K),0
PB1453,남영 에코마일드 일자등 30W 주광색(6500K),0
PB1454,남영 에코마일드 일자등 50W 주광색(6500K),0
PB1455,-,-
PB1456,LED 2인치 움푹 다운라이트 9261 전구색(3000K),-
PB1457,LED 2인치 움푹 다운라이트 9261 주백색(4000K),-
PB1458,LED 2인치 움푹 다운라이트 9261 주광색(5700K),-
PB1459,LED 3인치 다운라이트 9151 전구색(3000K),-
PB1460,LED 3인치 다운라이트 9151 주백색(4000K),-
PB1461,LED 3인치 다운라이트 9151 주광색(5700K),-
PB1462,에코 티로드 T7 레일등 300mm 전구색(2700K) 15W,0
PB1463,에코 티로드 T7 레일등 300mm 주백색(4000K) 15W,0
PB1464,에코 티로드 T7 레일등 300mm 주광색(6500K) 15W,0
PB1465,에코 티로드 T7 레일등 600mm 전구색(2700K) 20W,0
PB1466,에코 티로드 T7 레일등 600mm 주백색(4000K) 20W,0
PB1467,에코 티로드 T7 레일등 600mm 주광색(6500K) 20W,0
PB1468,에코 티로드 T7 레일등 900mm 전구색(2700K) 25W,0
PB1469,에코 티로드 T7 레일등 900mm 주백색(4000K) 25W,0
PB1470,에코 티로드 T7 레일등 900mm 주광색(6500K) 25W,0
PB1471,에코 티로드 T7 레일등 1200mm 전구색(2700K) 30W,0
PB1472,에코 티로드 T7 레일등 1200mm 주백색(4000K) 30W,0
PB1473,에코 티로드 T7 레일등 1200mm 주광색(6500K) 30W,0
PB1474,LED 3인치 다운라이트 9152 전구색(3000K),-
PB1475,LED 3인치 다운라이트 9152 주백색(4000K),-
PB1476,LED 3인치 다운라이트 9152 주광색(5700K),-
PB1477,LED 3인치 다운라이트 9196 전구색(3000K),-
PB1478,LED 3인치 다운라이트 9196 주백색(4000K),-
PB1479,LED 3인치 다운라이트 9196 주광색(5700K),-
PB1480,LED 2인치 다운라이트 9938 전구색(3000K),-
PB1481,LED 2인치 다운라이트 9938 주백색(4000K),-
PB1482,LED 2인치 다운라이트 9938 주광색(5700K),-
PB1483,LED 3인치 다운라이트 3303 전구색(3000K),-
PB1484,LED 3인치 다운라이트 3303 주백색(4000K),-
PB1485,LED 3인치 다운라이트 3303 주광색(5700K),-
PB1486,LED 2인치 다운라이트 3302 전구색(3000K),-
PB1487,LED 2인치 다운라이트 3302 주백색(4000K),-
PB1488,LED 2인치 다운라이트 3302 주광색(5700K),-
PB1489,에코오로라 LED T5 300mm 5W 3색변환,0
PB1490,에코오로라 LED T5 600mm 9W 3색변환,0
PB1491,에코오로라 LED T5 900mm 14W 3색변환,0
PB1492,에코오로라 LED T5 1200mm 18W 3색변환,0
PB1493,에코리암 3인치 실린더 턴다운 화이트 8W 전구색(3000K),0
PB1494,에코리암 3인치 실린더 턴다운 화이트 8W 주백색(4000K),0
PB1495,에코리암 3인치 실린더 턴다운 블랙 8W 전구색(3000K),0
PB1496,에코리암 3인치 실린더 턴다운 블랙 8W 주백색(4000K),0
PB1497,에코리암 4인치 실린더 턴다운 화이트 12W 전구색(3000K),0
PB1498,에코리암 4인치 실린더 턴다운 화이트 12W 주백색(4000K),0
PB1499,에코프로보 슈퍼롱실린더 화이트 10W 전구색(3000K),0
PB1500,에코프로보 슈퍼롱실린더 화이트 10W 주백색(4000K),0
PB1501,룩스램 3인치 움푹 디밍용 집중형 다운라이트 전구색(3000K)_화이트,0
PB1502,룩스램 3인치 움푹 디밍용 집중형 다운라이트 주백색(4000K)_화이트,0
PB1503,룩스램 3인치 움푹 디밍용 집중형 다운라이트 주광색(6500K)_화이트,0
PB1504,룩스램 디밍용 3인치 확산형 다운라이트 전구색(3000K),0
PB1505,룩스램 디밍용 3인치 확산형 다운라이트 주백색(4000K),0
PB1506,룩스램 디밍용 3인치 확산형 다운라이트 주광색(6500K),0
PB1507,룩스램 3인치 실린더 숏타입 전구색(3000K)_화이트,0
PB1508,룩스램 3인치 실린더 숏타입 주백색(4000K)_화이트,0
PB1509,룩스램 3인치 실린더 숏타입 주광색(6500K)_화이트,0
PB1510,룩스램 3인치 실린더 숏타입 전구색(3000K)_블랙,0
PB1511,룩스램 3인치 실린더 숏타입 주백색(4000K)_블랙,0
PB1512,룩스램 3인치 실린더 숏타입 주광색(6500K)_블랙,0
PB1513,룩스램 3인치 실린더 롱타입 전구색(3000K)_화이트,0
PB1514,룩스램 3인치 실린더 롱타입 주백색(4000K)_화이트,0
PB1515,룩스램 3인치 실린더 롱타입 주광색(6500K)_화이트,0
PB1516,룩스램 3인치 실린더 롱타입 전구색(3000K)_블랙,0
PB1517,룩스램 3인치 실린더 롱타입 주백색(4000K)_블랙,0
PB1518,룩스램 3인치 실린더 롱타입 주광색(6500K)_블랙,0
PB1519,룩스램 3인치 움푹 디밍용 집중형 다운라이트 전구색(3000K)_블랙,0
PB1520,룩스램 3인치 움푹 디밍용 집중형 다운라이트 주백색(4000K)_블랙,0
PB1521,룩스램 3인치 움푹 디밍용 집중형 다운라이트 주광색(6500K)_블랙,0
PB1522,폴라베어 3인치 슬림테3 다운라이트 전구색(3000K),0
PB1523,폴라베어 3인치 슬림테3 다운라이트 주백색(4000K),0
PB1524,폴라베어 3인치 슬림테3 다운라이트 주광색(5000K),0
PB1525,폴라베어 2인치 슬림테2 다운라이트 전구색(3000K),0
PB1526,폴라베어 2인치 슬림테2 다운라이트 주백색(4000K),0
PB1527,폴라베어 2인치 슬림테2 다운라이트 주광색(5000K),0
PB1528,남영 4인치 에코 다운라이트 전구색(3000K),0
PB1529,남영 4인치 에코 다운라이트 주백색(4000K),0
PB1530,남영 4인치 에코 다운라이트 주광색(5700K),0
PB1531,남영 6인치 에코 다운라이트 전구색(3000K),0
PB1532,남영 6인치 에코 다운라이트 주백색(4000K),0
PB1533,남영 6인치 에코 다운라이트 주광색(5700K),0
PB1534,남영전구 코너스톤방등 60W,0
PB1535,룩스램 라인 스탠드 화이트 바디,0
PB1536,룩스램 라인 스탠드 블랙 바디,0
PB1537,남영 2인치 안티글레어 다운라이트 4W 전구색(3000K),0
PB1538,남영 2인치 안티글레어 다운라이트 4W 주백색(4000K),0
PB1539,남영 2인치 안티글레어 다운라이트 4W 주광색(5000K),0
PB1540,남영 2.5인치 안티글레어 다운라이트 8W 전구색(3000K),0
PB1541,남영 2.5인치 안티글레어 다운라이트 8W 주백색(4000K),0
PB1542,남영 2.5인치 안티글레어 다운라이트 8W 주광색(5000K),0
PB1543,남영 2.5인치 새턴 다운라이트 7W 전구색(3000K),0
PB1544,남영 2.5인치 새턴 다운라이트 7W 주백색(4000K),0
PB1545,SH 유니크 2인치 다운라이트 디밍 전구색(3000K),0
PB1546,SH 유니크 2인치 다운라이트 디밍 주백색(4000K),0
PB1547,SH 유니크 2인치 다운라이트 디밍 주광색(5700K),0
PB1548,SH 유니크 3인치 다운라이트 디밍 전구색(3000K),0
PB1549,SH 유니크 3인치 다운라이트 디밍 주백색(4000K),0
PB1550,SH 유니크 3인치 다운라이트 디밍 주광색(5700K),0
PB1551,SH 유니크 움푹 2인치 다운라이트 5W 디밍 전구색(3000K),0
PB1552,SH 유니크 움푹 2인치 다운라이트 5W 디밍 주백색(4000K),0
PB1553,SH 유니크 움푹 2인치 다운라이트 5W 디밍 주광색(5700K),0
PB1554,SH 유니크 움푹 3인치 다운라이트 10W 디밍 전구색(3000K),0
PB1555,SH 유니크 움푹 3인치 다운라이트 10W 디밍 주백색(4000K),0
PB1556,남영 2.5인치 미니5 방습형 슬림테 확산형 다운라이트 전구색(3000K),0
PB1557,남영 2.5인치 미니5 방습형 슬림테 확산형 다운라이트 주백색(4000K),0
PB1558,남영 2.5인치 미니5 방습형 슬림테 확산형 다운라이트 주광색(5700K),0
PB1559,르그랑 두씨 1개용 사각 1구,0
PB1560,르그랑 두씨 1개용 사각 2구,0
PB1561,르그랑 두씨 1개용 원형 1구,0
PB1562,르그랑 두씨 1개용 원형 2구,0
PB1563,르그랑 두씨 1개용 원형(크롬) 1구,0
PB1564,르그랑 두씨 1개용 원형(크롬) 2구,0
PB1565,르그랑 두씨 2개용 사각 2구,0
PB1566,르그랑 두씨 2개용 사각 3구,0
PB1567,르그랑 두씨 2개용 사각 4구,0
PB1568,르그랑 두씨 3개용 사각 3구,0
PB1569,르그랑 두씨 3개용 사각 4구,0
PB1570,르그랑 두씨 3개용 사각 5구,0
PB1571,르그랑 두씨 3개용 사각 6구,0
PB1572,르그랑 두씨 4개용 사각 4구,0
PB1573,르그랑 두씨 4개용 사각 5구,0
PB1574,르그랑 두씨 4개용 사각 6구,0
PB1575,르그랑 두씨 4개용 사각 7구,0
PB1576,르그랑 두씨 4개용 사각 8구,0
PB1577,르그랑 두씨 램프스위치 1구,0
PB1578,르그랑 두씨 batibox 유럽형 매입박스,0
PB1579,르그랑 두씨 스틸매입박스 2모듈,0
PB1580,르그랑 두씨 스틸매입박스 4모듈,0
PB1581,남영 2.5인치 주피터 집중형 다운라이트 10W 전구색(3000K),0
PB1582,남영 2.5인치 주피터 집중형 다운라이트 10W 주백색(4000K),0
PB1583,남영 2.5인치 주피터 집중형 다운라이트 10W 주광색(5000K),0
PB1584,남영 2인치 주피터 집중형 다운라이트 8W 전구색(3000K),0
PB1585,남영 2인치 주피터 집중형 다운라이트 8W 주백색(4000K),0
PB1586,남영 2인치 주피터 집중형 다운라이트 8W 주광색(5000K),0
PB1587,유니크 T5 디밍 300mm 전구색(3000K),0
PB1588,유니크 T5 디밍 300mm 주백색(4000K),0
PB1589,유니크 T5 디밍 300mm 주광색(5700K),0
PB1590,유니크 T5 디밍 600mm 전구색(3000K),0
PB1591,유니크 T5 디밍 600mm 주백색(4000K),0
PB1592,유니크 T5 디밍 600mm 주광색(5700K),0
PB1593,유니크 T5 디밍 900mm 전구색(3000K),0
PB1594,유니크 T5 디밍 900mm 주백색(3000K),0
PB1595,유니크 T5 디밍 900mm 주광색(5700K),0
PB1596,유니크 T5 디밍 1200mm 전구색(3000K),0
PB1597,유니크 T5 디밍 1200mm 주백색(4000K),0
PB1598,유니크 T5 디밍 1200mm 주광색(5700K),0
PB1599,SH실린더 미들타입 전구색(3000K) W_화이트,0
PB1600,SH실린더 미들타입 주백색(4000K) 4K_화이트,0
PB1601,SH실린더 미들타입 주광색(5700K) C_화이트,0
PB1602,SH실린더 미들타입 전구색(3000K) W_블랙,0
PB1603,SH실린더 미들타입 주백색(4000K) 4K_블랙,0
PB1604,SH실린더 미들타입 주광색(5700K) C_블랙,0
PB1605,폴라베어 3인치 콥3 집중형 COB 전구색(3000K),0
PB1606,폴라베어 3인치 콥3 집중형 COB 주백색(4000K),0
PB1607,폴라베어 3인치 콥3 집중형 COB 주광색(5000K),0
PB1608,에코 자스민 사각멀티 매입5구 10W 화이트 전구색(3000K),0
PB1609,에코 자스민 사각멀티 매입5구 10W 화이트 주백색(4000K),0
PB1610,에코 자스민 사각멀티 매입5구 10W 블랙 전구색(3000K),0
PB1611,에코 자스민 사각멀티 매입5구 10W 블랙 주백색(4000K),0
PB1612,에코 자스민 사각멀티 매입5구 10W 화이트+블랙 전구색(3000K),0
PB1613,에코 자스민 사각멀티 매입5구 10W 화이트+블랙 주백색(4000K),0
PB1614,에코 자스민 사각멀티 매입10구 15W 화이트 전구색(3000K),0
PB1615,에코 자스민 사각멀티 매입10구 15W 화이트 주백색(4000K),0
PB1616,에코 자스민 사각멀티 매입10구 15W 블랙 전구색(3000K),0
PB1617,에코 자스민 사각멀티 매입10구 15W 블랙 주백색(4000K),0
PB1618,에코 자스민 사각멀티 매입10구 15W 화이트+블랙 전구색(3000K),0
PB1619,에코 자스민 사각멀티 매입10구 15W 화이트+블랙 주백색(4000K),0
PB1620,에코 라온 스텝센서등 타원형 화이트 전구색(3000K),0
PB1621,에코 라온 스텝센서등 타원형 로즈골드 전구색(3000K),0
PB1622,에코 라온 스텝센서등 타원형 그레이 전구색(3000K),0
PB1623,에코 라온 스텝센서등 타원형 블랙 전구색(3000K),0
PB1624,에코 라온 스텝 타원형 화이트 전구색(3000K),0
PB1625,에코 라온 스텝 타원형 로즈골드 전구색(3000K),0
PB1626,에코 라온 스텝 타원형 그레이 전구색(3000K),0
PB1627,에코 라온 스텝 타원형 블랙 전구색(3000K),0
PB1628,에코 라온 스텝센서등 사다리형 화이트 전구색(3000K),0
PB1629,에코 라온 스텝센서등 사다리형 로즈골드 전구색(3000K),0
PB1630,에코 라온 스텝센서등 사다리형 그레이 전구색(3000K),0
PB1631,에코 라온 스텝센서등 사다리형 블랙 전구색(3000K),0
PB1632,에코 라온 스텝 사다리형 화이트 전구색(3000K),0
PB1633,에코 라온 스텝 사다리형 로즈골드 전구색(3000K),0
PB1634,에코 라온 스텝 사다리형 그레이 전구색(3000K),0
PB1635,에코 라온 스텝 사다리형 블랙 전구색(3000K),0
PB1636,에코 라온 스텝센서등 일자형 화이트 전구색(3000K),0
PB1637,에코 라온 스텝센서등 일자형 로즈골드 전구색(3000K),0
PB1638,에코 라온 스텝센서등 일자형 그레이 전구색(3000K),0
PB1639,에코 라온 스텝센서등 일자형 블랙 전구색(3000K),0
PB1640,에코 라온 스텝 일자형 화이트 전구색(3000K),0
PB1641,에코 라온 스텝 일자형 로즈골드 전구색(3000K),0
PB1642,에코 라온 스텝 일자형 그레이 전구색(3000K),0
PB1643,에코 라온 스텝 일자형 블랙 전구색(3000K),0
PB1644,에코 나디아 사각매입스포트 화이트 전구색(3000K),0
PB1645,에코 나디아 사각매입스포트 블랙 전구색(3000K),0
PB1646,에코 나디아 사각매입스포트 실버 전구색(3000K),0
PB1647,에코 나디아 사각매입스포트 골드 전구색(3000K),0
PB1648,에코 스코라 일자 펜던트 블랙 전구색(3000K),0
PB1649,들레 펜던트 화이트 주백색(4000K),0
PB1650,들레 펜던트 유광블랙 주백색(4000K),0
PB1651,들레 펜던트 골드 주백색(4000K),0
PB1652,롱스틱 벽등 화이트 전구색(3000K),0
PB1653,롱스틱 벽등 블랙 전구색(3000K),0
PB1654,에어룩스 실링팬 화이트 V2 42인치 날개 화이트 조명 O,0
PB1655,에어룩스 실링팬 화이트 V2 42인치 날개 화이트 조명 X,0
PB1656,에어룩스 실링팬 화이트 V2 42인치 날개 우드 조명 O,0
PB1657,에어룩스 실링팬 화이트 V2 42인치 날개 우드 조명 X,0
PB1657_1,에어룩스 실링팬 화이트 V2 42인치 날개 블랙 조명 O,0
PB1657_2,에어룩스 실링팬 화이트 V2 42인치 날개 블랙 조명 X,0
PB1658,에어룩스 실링팬 화이트 V2 52인치 날개 화이트 조명 O,0
PB1659,에어룩스 실링팬 화이트 V2 52인치 날개 화이트 조명 X,0
PB1660,에어룩스 실링팬 화이트 V2 52인치 날개 우드 조명 O,0
PB1661,에어룩스 실링팬 화이트 V2 52인치 날개 우드 조명 X,0
PB1661_1,에어룩스 실링팬 화이트 V2 52인치 날개 블랙 조명 O,0
PB1661_2,에어룩스 실링팬 화이트 V2 52인치 날개 블랙 조명 X,0
PB1661_3,에어룩스 실링팬 화이트 V2 전용 LED조명,0
PB1661_4,에어룩스 실링팬 화이트 V2 전용리모컨,0
PB1662,에어룩스 V2전용 연장봉 30cm,0
PB1663,에어룩스 V2전용 연장봉 50cm,0
PB1664,에어룩스 V2전용 연장봉 80cm,0
PB1665,예도 TS33 직부 백색 전구색(3000K) 300mm,0
PB1666,예도 TS33 직부 백색 주백색(4000K) 300mm,0
PB1667,예도 TS33 직부 백색 주광색(6500K) 300mm,0
PB1668,예도 TS33 직부 백색 전구색(3000K) 600mm,0
PB1669,예도 TS33 직부 백색 주백색(4000K) 600mm,0
PB1670,예도 TS33 직부 백색 주광색(6500K) 600mm,0
PB1671,예도 TS33 직부 백색 전구색(3000K) 900mm,0
PB1672,예도 TS33 직부 백색 주백색(4000K) 900mm,0
PB1673,예도 TS33 직부 백색 주광색(6500K) 900mm,0
PB1674,예도 TS33 직부 백색 전구색(3000K) 1200mm,0
PB1675,예도 TS33 직부 백색 주백색(4000K) 1200mm,0
PB1676,예도 TS33 직부 백색 주광색(6500K) 1200mm,0
PB1677,예도 TS33 직부 흑색 전구색(3000K) 300mm,0
PB1678,예도 TS33 직부 흑색 주백색(4000K) 300mm,0
PB1679,예도 TS33 직부 흑색 주광색(6500K) 300mm,0
PB1680,예도 TS33 직부 흑색 전구색(3000K) 600mm,0
PB1681,예도 TS33 직부 흑색 주백색(4000K) 600mm,0
PB1682,예도 TS33 직부 흑색 주광색(6500K) 600mm,0
PB1683,예도 TS33 직부 흑색 전구색(3000K) 900mm,0
PB1684,예도 TS33 직부 흑색 주백색(4000K) 900mm,0
PB1685,예도 TS33 직부 흑색 주광색(6500K) 900mm,0
PB1686,예도 TS33 직부 흑색 전구색(3000K) 1200mm,0
PB1687,예도 TS33 직부 흑색 주백색(4000K) 1200mm,0
PB1688,예도 TS33 직부 흑색 주광색(6500K) 1200mm,0
PB1688_1,예도 TS33 전원마감 화이트,0
PB1688_2,예도 TS33 전원마감 블랙,0
PB1689,예도 TS라인 백색 전구색(3000K) 300mm,0
PB1690,예도 TS라인 백색 주백색(4000K) 300mm,0
PB1691,예도 TS라인 백색 주광색(6500K) 300mm,0
PB1692,예도 TS라인 백색 전구색(3000K) 600mm,0
PB1693,예도 TS라인 백색 주백색(4000K) 600mm,0
PB1694,예도 TS라인 백색 주광색(6500K) 600mm,0
PB1695,예도 TS라인 백색 전구색(3000K) 900mm,0
PB1696,예도 TS라인 백색 주백색(4000K) 900mm,0
PB1697,예도 TS라인 백색 주광색(6500K) 900mm,0
PB1698,예도 TS라인 백색 전구색(3000K) 1200mm,0
PB1699,예도 TS라인 백색 주백색(4000K) 1200mm,0
PB1700,예도 TS라인 백색 주광색(6500K) 1200mm,0
PB1701,예도 TS라인 흑색 전구색(3000K) 300mm,0
PB1702,예도 TS라인 흑색 주백색(4000K) 300mm,0
PB1703,예도 TS라인 흑색 주광색(6500K) 300mm,0
PB1704,예도 TS라인 흑색 전구색(3000K) 600mm,0
PB1705,예도 TS라인 흑색 주백색(4000K) 600mm,0
PB1706,예도 TS라인 흑색 주광색(6500K) 600mm,0
PB1707,예도 TS라인 흑색 전구색(3000K) 900mm,0
PB1708,예도 TS라인 흑색 주백색(4000K) 900mm,0
PB1709,예도 TS라인 흑색 주광색(6500K) 900mm,0
PB1710,예도 TS라인 흑색 전구색(3000K) 1200mm,0
PB1711,예도 TS라인 흑색 주백색(4000K) 1200mm,0
PB1712,예도 TS라인 흑색 주광색(6500K) 1200mm,0
PB1713,레이스웨이레일 부속 소폭 1M 레일(화이트),0
PB1714,레이스웨이레일 부속 소폭 2M 레일(화이트),0
PB1715,레이스웨이레일 부속 소폭 3M 레일(화이트),0
PB1716,레이스웨이레일 부속 소폭 1M 레일(블랙),0
PB1717,레이스웨이레일 부속 소폭 2M 레일(블랙),0
PB1718,레이스웨이레일 부속 소폭 3M 레일(블랙),0
PB1719,레이스웨이레일 부속 소폭 레일커버(화이트),0
PB1720,레이스웨이레일 부속 소폭 레일커버(블랙),0
PB1721,레이스웨이레일 부속 소폭 전원마감 SET(화이트),0
PB1722,레이스웨이레일 부속 소폭 전원마감 SET(블랙),0
PB1723,레이스웨이레일 부속 소폭 일자연결(화이트),0
PB1724,레이스웨이레일 부속 소폭 일자연결(블랙),0
PB1725,레이스웨이레일 부속 소폭 ㄱ자연결(화이트),0
PB1726,레이스웨이레일 부속 소폭 ㄱ자연결(블랙),0
PB1727,레이스웨이레일 부속 소폭 T자연결(화이트),0
PB1728,레이스웨이레일 부속 소폭 T자연결(블랙),0
PB1729,레이스웨이레일 부속 소폭 십자연결(화이트),0
PB1730,레이스웨이레일 부속 소폭 십자연결(블랙),0
PB1731,레이스웨이레일 부속 소폭 헹거(화이트),0
PB1732,레이스웨이레일 부속 소폭 헹거(블랙),0
PB1733,레이스웨이레일 부속 광폭 1M 레일(화이트),0
PB1734,레이스웨이레일 부속 광폭 2M 레일(화이트),0
PB1735,레이스웨이레일 부속 광폭 3M 레일(화이트),0
PB1736,레이스웨이레일 부속 광폭 1M 레일(블랙),0
PB1737,레이스웨이레일 부속 광폭 2M 레일(블랙),0
PB1738,레이스웨이레일 부속 광폭 3M 레일(블랙),0
PB1739,레이스웨이레일 부속 광폭 레일커버(화이트),0
PB1740,레이스웨이레일 부속 광폭 레일커버(불랙),0
PB1741,레이스웨이레일 부속 광폭 전원마감 SET(화이트),0
PB1742,레이스웨이레일 부속 광폭 전원마감 SET(블랙),0
PB1743,레이스웨이레일 부속 광폭 일자연결(화이트),0
PB1744,레이스웨이레일 부속 광폭 일자연결(블랙),0
PB1745,레이스웨이레일 부속 광폭 ㄱ자연결(화이트),0
PB1746,레이스웨이레일 부속 광폭 ㄱ자연결(블랙),0
PB1747,레이스웨이레일 부속 광폭 T자연결(화이트),0
PB1748,레이스웨이레일 부속 광폭 T자연결(블랙),0
PB1749,레이스웨이레일 부속 광폭 십자연결(화이트),0
PB1750,레이스웨이레일 부속 광폭 십자연결(블랙),0
PB1751,레이스웨이레일 부속 광폭 헹거(화이트),0
PB1752,레이스웨이레일 부속 광폭 헹거(블랙),0
PB1753,레이스웨이레일 부속 양날브라켓(3부),0
PB1754,레이스웨이레일 부속 드롭인앙카 3/8(3부),0
PB1755,레이스웨이레일 부속 스트롱앙카 3/8(3부),0
PB1756,레이스웨이레일 부속 육각너트 3/8(3부),0
PB1757,레이스웨이레일 부속 전산볼트 3/8(3부) 1M,0
PB1758,레이스웨이레일 부속 전산볼트 3/8(3부) 2M,0
PB1759,레이스웨이레일 부속 전산볼트 3/8(3부) 3M,0
PB1760,예도 M33매입형 라인 백색 전구색(3000K) 300mm,0
PB1761,예도 M33매입형 라인 백색 주백색(4000K) 300mm,0
PB1762,예도 M33매입형 라인 백색 주광색(6500K) 300mm,0
PB1763,예도 M33매입형 라인 백색 전구색(3000K) 600mm,0
PB1764,예도 M33매입형 라인 백색 주백색(4000K) 600mm,0
PB1765,예도 M33매입형 라인 백색 주광색(6500K) 600mm,0
PB1766,예도 M33매입형 라인 백색 전구색(3000K) 900mm,0
PB1767,예도 M33매입형 라인 백색 주백색(4000K) 900mm,0
PB1768,예도 M33매입형 라인 백색 주광색(6500K) 900mm,0
PB1769,예도 M33매입형 라인 백색 전구색(3000K) 1200mm,0
PB1770,예도 M33매입형 라인 백색 주백색(4000K) 1200mm,0
PB1771,예도 M33매입형 라인 백색 주광색(6500K) 1200mm,0
PB1772,에코델링 2인치 다운라이트 5W 전구색(3000K),0
PB1773,에코델링 2인치 다운라이트 5W 주백색(4000K),0
PB1774,에코델링 2인치 다운라이트 5W 주광색(5700K),0
PB1775,에코델링 3인치 다운라이트 10W 전구색(3000K),0
PB1776,에코델링 3인치 다운라이트 10W 주백색(4000K),0
PB1777,에코델링 3인치 다운라이트 10W 주광색(5700K),0
PB1778,에코더플 3인치 다운라이트 8W 전구색(3000K),0
PB1779,에코더플 3인치 다운라이트 8W 주백색(4000K),0
PB1780,에코더플 3인치 다운라이트 8W 주광색(5700K),0
PB1781,룩스램 2인치 반매입 실린더 고드름 7W 전구색(3000K))_화이트,0
PB1782,룩스램 2인치 반매입 실린더 고드름 7W 주백색(4000K)_화이트,0
PB1783,룩스램 2인치 반매입 실린더 고드름 7W 주광색(6500K)_화이트,0
PB1784,룩스램 2인치 반매입 실린더 고드름 7W 전구색(3000K)_블랙,0
PB1785,룩스램 2인치 반매입 실린더 고드름 7W 주백색(4000K)_블랙,0
PB1786,룩스램 2인치 반매입 실린더 고드름 7W 주광색(6500K)_블랙,0
PB1787,LED 블럭바 24V 100mm 전구색(3000K),0
PB1788,LED 블럭바 24V 200mm 전구색(3000K),0
PB1789,LED 블럭바 24V 300mm 전구색(3000K),0
PB1790,LED 블럭바 24V 400mm 전구색(3000K),0
PB1791,LED 블럭바 24V 500mm 전구색(3000K),0
PB1792,LED 블럭바 24V 1000mm 전구색(3000K),0
PB1793,LED 블럭바 24V 1000mm 중간케이블형 전구색(3000K) ,0
PB1794,LED 블럭바 24V 100mm 주백색(4000K),0
PB1795,LED 블럭바 24V 200mm 주백색(4000K),0
PB1796,LED 블럭바 24V 300mm 주백색(4000K),0
PB1797,LED 블럭바 24V 400mm 주백색(4000K),0
PB1798,LED 블럭바 24V 500mm 주백색(4000K),0
PB1799,LED 블럭바 24V 1000mm 주백색(4000K),0
PB1800,LED 블럭바 24V 1000mm 중간케이블형 주백색(4000K) ,0
PB1801,LED 블럭바 24V 100mm 주광색(6000K),0
PB1802,LED 블럭바 24V 200mm 주광색(6000K),0
PB1803,LED 블럭바 24V 300mm 주광색(6000K),0
PB1804,LED 블럭바 24V 400mm 주광색(6000K),0
PB1805,LED 블럭바 24V 500mm 주광색(6000K),0
PB1806,LED 블럭바 24V 1000mm 주광색(6000K),0
PB1807,LED 블럭바 24V 1000mm 중간케이블형 주광색(6000K) ,0
PB1808,퍼프 3인치 다운라이트 일체형 8W 전구색(3000K),0
PB1809,퍼프 3인치 다운라이트 일체형 8W 주백색(4000K),0
PB1810,퍼프 3인치 다운라이트 일체형 8W 주광색(5700K),0
PB1811,T5 양방향연결잭 30cm,0
PB1812,T5 양방향연결잭 60cm,0
PB1813,T5 양방향연결잭 1.2M,0
PB1814,누빔 COB바 10M 전구색(3000K),0
PB1815,누빔 COB바 10M 주백색(4000K),0
PB1816,누빔 COB바 10M 주광색(6000K),0
PB1817,누빔 COB바 연결부속 전원커넥터(2P) 10cm,0
PB1817_1,누빔 COB바 연결부속 전원커넥터(2P) 2M,0
PB1818,누빔 COB바 연결부속 일자연결커넥터,0
PB1819,누빔 COB바 연결부속 ㄱ자연결커넥터,0
PB1820,누빔 COB바 롤러,0
PB1821,프로파일 ㄷ자형 600mm,0
PB1822,프로파일 ㄷ자형 1200mm,0
PB1823,프로파일 ㄷ자형 2400mm,0
PB1824,프로파일 ㄷ자형 3000mm,0
PB1825,프로파일 날개형 600mm,0
PB1826,프로파일 날개형 1200mm,0
PB1827,프로파일 날개형 2400mm,0
PB1828,프로파일 날개형 3000mm,0
PB1829,프로파일 ㄷ자형 마개,0
PB1830,프로파일 ㄷ자형 브라켓,0
PB1831,프로파일 날개형 마개,0
PB1832,프로파일 날개형 브라켓,0
PB1833,에녹 플레인 벽매입등 100mm 전구색(3000K),0
PB1834,에녹 플레인 벽매입등 100mm 주백색(4000K),0
PB1835,에녹 플레인 벽매입등 120mm 전구색(3000K),0
PB1836,에녹 플레인 벽매입등 120mm 주백색(4000K),0
PB1837,에녹 플레인 벽매입등 150mm 전구색(3000K),0
PB1838,에녹 플레인 벽매입등 150mm 주백색(4000K),0
PB1839,실리콘 커버 1M M1010,0
PB1840,실리콘 커버 1M M1210,0
PB1841,실리콘 커버 1M M1510,0
PB1842,폴라베어 3인치 씬3 확산형 다운라이트  전구색 3000K,0
PB1843,폴라베어 3인치 씬3 확산형 다운라이트  주백색 4000K,0
PB1844,폴라베어 3인치 씬3 확산형 다운라이트  주광색 6500K,0
PB1845,폴더블 실링팬 조명40W (3엽날개),0
PB1846,폴더블 실링팬 조명50W (4엽날개),0
PB1847,에어룩스 전용 연장봉 30cm,0
PB1848,에어룩스 전용 연장봉 50cm,0
PB1849,에어룩스 전용 연장봉 80cm,0
PB1850,에어룩스 실링팬 V2 제트블랙 42인치 조명 O,0
PB1851,에어룩스 실링팬 V2 제트블랙 42인치 조명 X,0
PB1852,에어룩스 실링팬 V2 제트블랙 52인치 조명 O,0
PB1853,에어룩스 실링팬 V2 제트블랙 52인치 조명 X,0
PB1854,에어블로우 실링팬 C2(52인치) 오렌지,0
PB1855,에어블로우 연장키트 화이트 11cm,0
PB1856,에어블로우 연장키트 화이트 30cm,0
PB1857,에어블로우 연장키트 화이트 60cm,0
PB1858,에어블로우 연장키트 화이트 90cm,0
PB1859,에어블로우 연장키트 크림 11cm,0
PB1860,에어블로우 연장키트 크림 30cm,0
PB1861,에어블로우 연장키트 크림 60cm,0
PB1862,에어블로우 연장키트 크림 90cm,0
PB1863,에어블로우 연장키트 블랙 11cm,0
PB1864,에어블로우 연장키트 블랙 30cm,0
PB1865,에어블로우 연장키트 블랙 60cm,0
PB1866,에어블로우 연장키트 블랙 90cm,0
PB1867,에어블로우 연장키트 실버 11cm,0
PB1868,에어블로우 연장키트 실버 30cm,0
PB1869,에어블로우 연장키트 실버 60cm,0
PB1870,에어블로우 연장키트 실버 90cm,0
PB1871,TS 2인치 호른 확산형 다운라이트 5W 전구색(3000K),0
PB1872,TS 2인치 호른 확산형 다운라이트 5W 주백색(4000K),0
PB1873,TS 2인치 호른 확산형 다운라이트 5W 주광색(6500K),0
PB1874,TS 3인치 호른 확산형 다운라이트 8W 전구색(3000K),0
PB1875,TS 3인치 호른 확산형 다운라이트 8W 주백색(4000K),0
PB1876,TS 3인치 호른 확산형 다운라이트 8W 주광색(6500K),0
PB1877,마그네틱레일 M10 바디 1M,0
PB1878,마그네틱레일 M10 바디 2M,0
PB1879,마그네틱레일 M10 바디 3M,0
PB1880,마그네틱 연결부속 M10 수평 ㄱ자연결부속,0
PB1881,마그네틱 연결부속 M10 T자 연결부속,0
PB1882,마그네틱 연결부속 M10 +자 연결부속,0
PB1883,마그네틱 연결부속 M10 인코너 ㄱ자 연결부속,0
PB1884,마그네틱 연결부속 M10 아웃코너 ㄱ자 연결부속,0
PB1885,마그네틱 연결선 M10 싱글 외장 전원연결선,0
PB1886,마그네틱 연결선 M10 ㅡ자 전원연결선,0
PB1887,마그네틱 연결선 M10 ㄱ자 전원연결선,0
PB1888,마그네틱 조명 M10 확산형12W 전구색(3000K),0
PB1889,마그네틱 조명 M10 확산형12W 주백색(4000K),0
PB1890,마그네틱 조명 M10 확산형 24W 전구색(3000K),0
PB1891,마그네틱 조명 M10 확산형 24W 주백색(4000K),0
PB1892,마그네틱 조명 M10 집중형6W 전구색(3000K),0
PB1893,마그네틱 조명 M10 집중형6W 주백색(4000K),0
PB1894,마그네틱 조명 M10 집중형12W 전구색(3000K),0
PB1895,마그네틱 조명 M10 집중형12W 주백색(4000K),0
PB1896,마그네틱 조명 M10 집중형18W 전구색(3000K),0
PB1897,마그네틱 조명 M10 집중형18W 주백색(4000K),0
PB1898,마그네틱 조명 M10 스포트 10W  전구색(3000K),0
PB1899,마그네틱 조명 M10 스포트 10W  주백색(4000K),0
PB1900,레일용 안정기 M10 레일용 안정기 100W(싱글연결필수),0
PB1901,레일용 안정기 M10 레일용 안정기 200W(싱글연결필수),0
PB1902,마그네틱 레일 UT25 바디 1M,0
PB1903,마그네틱 레일 UT25 바디 2M,0
PB1904,마그네틱 레일 UT25 바디 3M,0
PB1905,마그네틱 연결선 UT25 레일용 전원단자,0
PB1906,마그네틱 연결선 UT25 싱글 외장 전원연결선,0
PB1907,마그네틱 연결선 UT25 더블 ㅡ자 전원연결선,0
PB1908,마그네틱 연결선 UT25 ㄱ자 전원연결선,0
PB1909,마그네틱 연결부속 UT25 ㅡ자연결부속,0
PB1910,마그네틱 연결부속 UT25 수평 T자연결부속,0
PB1911,마그네틱 연결부속 UT25 수평 +자연결부속,0
PB1912,마그네틱 연결부속 UT25 수평 ㄱ자연결부속,0
PB1913,마그네틱 연결부속 UT25 수평 U자연결부속,0
PB1914,마그네틱 연결부속 UT25 벽부 수직형연결부속,0
PB1915,마그네틱 연결부속 UT25 다용도연결부속,0
PB1916,마그네틱 연결부속 UT25 다용도연결잭,0
PB1917,마그네틱 조명 UT25 확산형6W 전구색(3000K),0
PB1918,마그네틱 조명 UT25 확산형6W 주백색(4000K),0
PB1919,마그네틱 조명 UT25 확산형12W 전구색(3000K),0
PB1920,마그네틱 조명 UT25 확산형12W 주백색(4000K),0
PB1921,마그네틱 조명 UT25 멀티집중형 6W 전구색(3000K),0
PB1922,마그네틱 조명 UT25 멀티집중형 6W 주백색(4000K),0
PB1923,마그네틱 조명 UT25 멀티집중형 12W 전구색(3000K),0
PB1924,마그네틱 조명 UT25 멀티집중형 12W 주백색(4000K),0
PB1925,마그네틱 조명 UT25 멀티폴더 확산형6W 전구색(3000K),0
PB1926,마그네틱 조명 UT25 멀티폴더 확산형6W 주백색(4000K),0
PB1927,마그네틱 조명 UT25 멀티폴더 확산형12W 전구색(3000K),0
PB1928,마그네틱 조명 UT25 멀티폴더 확산형12W 주백색(4000K),0
PB1929,마그네틱 조명 UT25 허니컴라인 멀티폴더 확산형6W 전구색(3000K),0
PB1930,마그네틱 조명 UT25 허니컴라인 멀티폴더 확산형6W 주백색(4000K),0
PB1931,마그네틱 조명 UT25 허니컴라인 멀티폴더 확산형12W 전구색(3000K),0
PB1932,마그네틱 조명 UT25 허니컴라인 멀티폴더 확산형12W 주백색(4000K),0
PB1933,마그네틱 조명 UT25 스포트 5W  전구색(3000K),0
PB1934,마그네틱 조명 UT25 스포트 5W  주백색(4000K),0
PB1935,마그네틱 조명 UT25 스포트 7W  전구색(3000K),0
PB1936,마그네틱 조명 UT25 스포트 7W  주백색(4000K),0
PB1937,마그네틱 조명 UT25 스포트 12W  전구색(3000K),0
PB1938,마그네틱 조명 UT25 스포트 12W  주백색(4000K),0
PB1939,레일용 안정기 UT25 레일용 내장형안정기 100W,0
PB1940,레일용 안정기 UT25 레일용 내장형안정기 200W,0
PB1941,마그네틱 레일 M20 A타입(기본형) 바디 1M,0
PB1942,마그네틱 레일 M20 A타입(기본형) 바디 2M,0
PB1943,마그네틱 레일 M20 A타입(기본형) 바디 3M,0
PB1944,마그네틱 레일 M20 B타입(날개형) 바디 1M,0
PB1945,마그네틱 레일 M20 B타입(날개형) 바디 2M,0
PB1946,마그네틱 레일 M20 B타입(날개형) 바디 3M,0
PB1947,마그네틱 레일 M20 C타입(중간날개형) 바디 1M,0
PB1948,마그네틱 레일 M20 C타입(중간날개형) 바디 2M,0
PB1949,마그네틱 레일 M20 C타입(중간날개형) 바디 3M,0
PB1950,마그네틱 연결부속 M20 A타입 수평 ㄱ자연결부속,0
PB1951,마그네틱 연결부속 M20 A타입 T자 연결부속,0
PB1952,마그네틱 연결부속 M20 A타입 +자 연결부속,0
PB1953,마그네틱 연결부속 M20 A타입 인코너 ㄱ자 연결부속,0
PB1954,마그네틱 연결부속 M20 A타입 아웃코너 ㄱ자 연결부속,0
PB1955,마그네틱 연결부속 M20 연결철판부속,0
PB1956,마그네틱 연결부속 M20 ㅡ자 전원연결선,0
PB1957,마그네틱 연결부속 M20 더블ㅡ자 전원연결선,0
PB1958,마그네틱 연결부속 M20 ㄱ자 전원연결선,0
PB1959,마그네틱 연결부속 M20 싱글 외장 전원연결선,0
PB1960,마그네틱 연결부속 M20 T자 전원연결선,0
PB1961,마그네틱 연결부속 M20 +자 전원연결선,0
PB1962,마그네틱 연결부속 M20 B타입 수평 ㄱ자연결부속,0
PB1963,마그네틱 연결부속 M20 B타입 T자 연결부속,0
PB1964,마그네틱 연결부속 M20 B타입 +자 연결부속,0
PB1965,마그네틱 연결부속 M20 B타입 인코너 ㄱ자 연결부속,0
PB1966,마그네틱 연결부속 M20 B타입 아웃코너 ㄱ자 연결부속,0
PB1967,마그네틱 연결부속 M20 C타입 수평 ㄱ자연결부속,0
PB1968,마그네틱 연결부속 M20 C타입 T자 연결부속,0
PB1969,마그네틱 연결부속 M20 C타입 +자 연결부속,0
PB1970,마그네틱 연결부속 M20 C타입 인코너 ㄱ자 연결부속,0
PB1971,마그네틱 연결부속 M20 C타입 아웃코너 ㄱ자 연결부속,0
PB1972,마그네틱 조명(일반) M20 확산형10W 전구색(3000K),0
PB1973,마그네틱 조명(일반) M20 확산형10W 주백색(4000K),0
PB1974,마그네틱 조명(일반) M20 확산형10W 주광색(6000K),0
PB1975,마그네틱 조명(일반) M20 확산형 20W 전구색(3000K),0
PB1976,마그네틱 조명(일반) M20 확산형 20W 주백색(4000K),0
PB1977,마그네틱 조명(일반) M20 확산형 20W 주광색(6000K),0
PB1978,마그네틱 조명(일반) M20 확산형 30W 전구색(3000K),0
PB1979,마그네틱 조명(일반) M20 확산형 30W 주백색(4000K),0
PB1980,마그네틱 조명(일반) M20 확산형 40W 전구색(3000K),0
PB1981,마그네틱 조명(일반) M20 확산형 40W 주백색(4000K),0
PB1982,마그네틱 조명(일반) M20 멀티집중형 6W 전구색(3000K),0
PB1983,마그네틱 조명(일반) M20 멀티집중형 6W 주백색(4000K),0
PB1984,마그네틱 조명(일반) M20 멀티집중형 6W 주광색(6000K),0
PB1985,마그네틱 조명(일반) M20 멀티집중형 12W 전구색(3000K),0
PB1986,마그네틱 조명(일반) M20 멀티집중형 12W 주백색(4000K),0
PB1987,마그네틱 조명(일반) M20 멀티집중형 12W 주광색(6000K),0
PB1988,마그네틱 조명(일반) M20 멀티집중형 18W 전구색(3000K),0
PB1989,마그네틱 조명(일반) M20 멀티집중형 18W 주백색(4000K),0
PB1990,마그네틱 조명(일반) M20 멀티집중형 24W 전구색(3000K),0
PB1991,마그네틱 조명(일반) M20 멀티집중형 24W 주백색(4000K),0
PB1992,마그네틱 조명(일반) M20 멀티 폴더집중형 6W 전구색(3000K),0
PB1993,마그네틱 조명(일반) M20 멀티 폴더집중형 6W 주백색(4000K),0
PB1994,마그네틱 조명(일반) M20 멀티 폴더집중형 12W 전구색(3000K),0
PB1995,마그네틱 조명(일반) M20 멀티 폴더집중형 12W 주백색(4000K),0
PB1996,마그네틱 조명(일반) M20 스포트 7W  전구색(3000K),0
PB1997,마그네틱 조명(일반) M20 스포트 7W  주백색(4000K),0
PB1998,마그네틱 조명(일반) M20 스포트 10W  전구색(3000K),0
PB1999,마그네틱 조명(일반) M20 스포트 10W  주백색(4000K),0
PB2000,마그네틱 조명(일반) M20 스포트 12W  전구색(3000K),0
PB2001,마그네틱 조명(일반) M20 스포트 12W  주백색(4000K),0
PB2002,마그네틱 조명(일반) M20 스포트 20W  전구색(3000K),0
PB2003,마그네틱 조명(일반) M20 스포트 20W  주백색(4000K),0
PB2004,마그네틱 조명(일반) M20 스포트 30W  전구색(3000K),0
PB2005,마그네틱 조명(일반) M20 스포트 30W  주백색(4000K),0
PB2006,마그네틱 조명(IOT) M20 IOT 지그비 확산형 10W,0
PB2007,마그네틱 조명(IOT) M20 IOT 지그비 확산형 20W,0
PB2008,마그네틱 조명(IOT) M20 IOT 지그비  멀티집중형 6W,0
PB2009,마그네틱 조명(IOT) M20 IOT 지그비  멀티집중형 12W,0
PB2010,마그네틱 조명(IOT) M20 IOT 지그비 멀티 폴더집중형 6W,0
PB2011,마그네틱 조명(IOT) M20 IOT 지그비 멀티 폴더집중형 12W,0
PB2012,마그네틱 조명(일반) M20 IOT 지그비 스포트 7W,0
PB2013,마그네틱 조명(일반) M20 IOT 지그비 스포트 10W,0
PB2014,마그네틱 조명(일반) M20 IOT 지그비 스포트 12W,0
PB2015,마그네틱 조명(일반) M20 IOT 지그비 스포트 20W,0
PB2016,마그네틱 조명(일반) M20 IOT 지그비 스포트 30W,0
PB2017,레일용 안정기 M20 레일용 안정기 DC 41V_100W,0
PB2018,레일용 안정기 M20 레일용 안정기 DC 41V_200W,0
PB2019,IOT 등기구 전용(원격 리모컨) IOT 등기구 전용(원격 리모컨),0
PB2020,TS라이팅 2인치 확산형 다운라이트 5W 전구색,0
PB2021,TS라이팅 2인치 확산형 다운라이트 5W 주백색,0
PB2022,TS라이팅 2인치 확산형 다운라이트 5W 주광색,0
PB2023,TS라이팅 3인치 확산형 다운라이트 7W 전구색,0
PB2024,TS라이팅 3인치 확산형 다운라이트 7W 주백색,0
PB2025,TS라이팅 3인치 확산형 다운라이트 7W 주광색,0
PB2026,TS라이팅 4인치 확산형 다운라이트 10W 전구색,0
PB2027,TS라이팅 4인치 확산형 다운라이트 10W 주백색,0
PB2028,TS라이팅 4인치 확산형 다운라이트 10W 주광색,0
PB2029,TS라이팅 3인치 확산형 각도조절 다운라이트 8W 전구색,0
PB2030,TS라이팅 3인치 확산형 각도조절 다운라이트 8W 주백색,0
PB2031,TS라이팅 3인치 확산형 각도조절 다운라이트 8W 주광색,0
PB2032,TS라이팅 2인치 앵글 매입등 7W 전구색_화이트,0
PB2033,TS라이팅 2인치 앵글 매입등 7W 주백색_화이트,0
PB2034,TS라이팅 2인치 앵글 매입등 7W 전구색_블랙,0
PB2035,TS라이팅 2인치 앵글 매입등 7W 주백색_블랙,0
PB2036,네오라이팅 론도 2인치 집중형 다운라이트 8W 전구색,0
PB2037,네오라이팅 론도 2인치 집중형 다운라이트 8W 주백색,0
PB2038,TS라이팅 2인치 호른 집중형 다운라이트 5W 전구색,0
PB2039,TS라이팅 2인치 호른 집중형 다운라이트 5W 주백색,0
PB2040,TS라이팅 2인치 호른 집중형 다운라이트 5W 주광색,0
PB2041,TS라이팅 3인치 호른 집중형 다운라이트 8W 전구색,0
PB2042,TS라이팅 3인치 호른 집중형 다운라이트 8W 주백색,0
PB2043,TS라이팅 3인치 호른 집중형 다운라이트 8W 주광색,0
PB2044,남영 2인치 미니6 슬림테 확산형 다운라이트 방습형 전구색(3000K),0
PB2045,남영 2인치 미니6 슬림테 확산형 다운라이트 방습형 주백색(4000K),0
PB2046,남영 2인치 미니6 슬림테 확산형 다운라이트 방습형 주광색(5700K),0
PB2047,TS라이팅 1.5인치 인테리어매입등 집중형 다운라이트 5W 전구색,0
PB2048,TS라이팅 1.5인치 인테리어매입등 집중형 다운라이트 5W 주백색,0
PB2049,TS라이팅 1.5인치 인테리어매입등 집중형 다운라이트 5W 주광색,0
PB2050,네오라이팅 NE-35 집중형 다운라이트 전구색(3000K),0
PB2051,네오라이팅 NE-35 집중형 다운라이트 주백색(3000K),0
PB2052,네오라이팅 NE-45 집중형 다운라이트 전구색(3000K),0
PB2053,네오라이팅 NE-45 집중형 다운라이트 주백색(3000K),0
PB2054,네오라이팅 NE-55 집중형 다운라이트 전구색(3000K),0
PB2055,네오라이팅 NE-55 집중형 다운라이트 주백색(3000K),0
PB2056,네오라이팅 NE-65 집중형 다운라이트 전구색(3000K),0
PB2057,네오라이팅 NE-65 집중형 다운라이트 주백색(3000K),0
PB2058,네오라이팅 NE-75 집중형 다운라이트 전구색(3000K),0
PB2059,네오라이팅 NE-75 집중형 다운라이트 주백색(3000K),0
PB2060,네오라이팅 N-55 집중형 다운라이트 전구색(3000K),0
PB2061,네오라이팅 N-55 집중형 다운라이트 주백색(3000K),0
PB2062,누빔 COB바 10M 전구색(3000K) 프리컷팅,0
PB2063,누빔 COB바 10M 주백색(4000K) 프리컷팅,0
PB2064,누빔 COB바 10M 주광색(6000K) 프리컷팅,0
PB2065,루멘룩스 12V 방수형 SMPS 60W 슬림형 KC,0
PB2066,루멘룩스 12V 방수형 SMPS 100W KC,0
PB2067,루멘룩스 12V 방수형 SMPS 200W KC,0
PB2068,루멘룩스 12V 방수형 SMPS 300W 슬림형 KC,0
PB2069,루멘룩스 24V 방수형 SMPS 60W 슬림형 KC,0
PB2070,루멘룩스 24V 방수형 SMPS 100W KC,0
PB2071,루멘룩스 24V 방수형 SMPS 200W KC,0
PB2072,루멘룩스 24V 방수형 SMPS 300W 슬림형 KC,0
PB2073,TS 2인치 호른 페이드인아웃 집중형 다운라이트 5W 전구색(3000K),0
PB2074,TS 2인치 호른 페이드인아웃 집중형 다운라이트 5W 주백색(4000K),0
PB2075,TS 2인치 호른 페이드인아웃 집중형 다운라이트 5W 주광색(6500K),0
PB2076,TS 2인치 호른 페이드인아웃 확산형 다운라이트 5W 전구색(3000K),0
PB2077,TS 2인치 호른 페이드인아웃 확산형 다운라이트 5W 주백색(4000K),0
PB2078,TS 2인치 호른 페이드인아웃 확산형 다운라이트 5W 주광색(6500K),0
PB2079,TS 3인치 호른 페이드인아웃 집중형 다운라이트 8W 전구색(3000K),0
PB2080,TS 3인치 호른 페이드인아웃 집중형 다운라이트 8W 주백색(4000K),0
PB2081,TS 3인치 호른 페이드인아웃 집중형 다운라이트 8W 주광색(6800K),0
PB2082,TS 3인치 호른 페이드인아웃 확산형 다운라이트 8W 전구색(3000K),0
PB2083,TS 3인치 호른 페이드인아웃 확산형 다운라이트 8W 주백색(4000K),0
PB2084,TS 3인치 호른 페이드인아웃 확산형 다운라이트 8W 주광색(6800K),0
PB2085,라인바용 센서 터치히든센서,0
PB2086,라인바용 센서 모션감지센서,0
PB2087,라인바용 센서 싱글도어센서,0
PB2088,라인바용 센서 더블도어센서,0
PB2089,라인바용 센서 터치센서,0
PB2090,라인바용 센서용 SMPS 100W,0
PB2091,라인바용 센서 센서용 SMPS 연결선,0
PB2092,에어룩스 울트라 실링팬 52인치 스노우화이트,0
PB2093,에어룩스 울트라 실링팬 52인치 라이트우드,0
PB2094,에어룩스 울트라 실링팬 52인치 다크우드,0
PB2095,에어룩스 울트라 실링팬 52인치 실버,0
PB2096,에어룩스 울트라 실링팬 52인치 제트블랙,0
PB2097,에어룩스 울트라전용 연장봉 30cm,0
PB2098,에어룩스 울트라전용 연장봉 50cm,0
PB2099,에어룩스 울트라전용 연장봉 80cm,0
PB2100,동성 딘브라 집중형 다운라이트 3인치 주백색(4000K),0
PB2101,동성 딘브라 집중형 다운라이트 2인치 주백색(4000K),0
PB2102,TS 글레어 F타입 1.5인치 전구색(3000K),0
PB2103,TS 글레어 F타입 1.5인치 주백색(4000K),0
PB2104,TS 글레어 F타입 2인치 전구색(3000K),0
PB2105,TS 글레어 F타입 2인치 주백색(4000K),0
PB2106,"TS 글레어 F타입 2,5인치 전구색(3000K)",0
PB2107,"TS 글레어 F타입 2,5인치 주백색(4000K)",0
PB2108,TS 글레어 F타입 3인치 전구색(3000K),0
PB2109,TS 글레어 F타입 3인치 주백색(4000K),0
PB2110,TS 글레어 H타입 1.5인치 전구색(3000K),0
PB2111,TS 글레어 H타입 1.5인치 주백색(4000K),0
PB2112,TS 글레어 H타입 2인치 전구색(3000K),0
PB2113,TS 글레어 H타입 2인치 주백색(4000K),0
PB2114,"TS 글레어 H타입 2,5인치 전구색(3000K)",0
PB2115,"TS 글레어 H타입 2,5인치 주백색(4000K)",0
PB2116,TS 글레어 H타입 3인치 전구색(3000K),0
PB2117,TS 글레어 H타입 3인치 주백색(4000K),0
PB2118,르슈아 실링팬 46인치 바디 화이트 날개 화이트,0
PB2119,르슈아 실링팬 46인치 바디 화이트 날개 우드,0
PB2120,르슈아 실링팬 46인치 바디 니켈 날개 화이트,0
PB2121,르슈아 실링팬 46인치 바디 니켈 날개 우드,0
PB2122,르슈아 실링팬 46인치 바디 블랙 날개 화이트,0
PB2123,르슈아 실링팬 46인치 바디 블랙 날개 우드,0
PB2124,르슈아 실링팬 52인치 바디 화이트 날개 일반형 화이트,0
PB2125,르슈아 실링팬 52인치 바디 화이트 날개 일반형 우드,0
PB2126,르슈아 실링팬 52인치 바디 화이트 날개 일반형 블랙,0
PB2127,르슈아 실링팬 52인치 바디 화이트 날개 플랫A 화이트,0
PB2128,르슈아 실링팬 52인치 바디 화이트 날개 플랫A 우드,0
PB2129,르슈아 실링팬 52인치 바디 화이트 날개 플랫B 화이트,0
PB2130,르슈아 실링팬 52인치 바디 화이트 날개 플랫B 우드,0
PB2131,르슈아 실링팬 52인치 바디 블랙 날개 일반형 화이트,0
PB2132,르슈아 실링팬 52인치 바디 블랙 날개 일반형 우드,0
PB2133,르슈아 실링팬 52인치 바디 블랙 날개 일반형 블랙,0
PB2134,르슈아 실링팬 52인치 바디 블랙 날개 플랫A 화이트,0
PB2135,르슈아 실링팬 52인치 바디 블랙 날개 플랫A 우드,0
PB2136,르슈아 실링팬 52인치 바디 블랙 날개 플랫B 화이트,0
PB2137,르슈아 실링팬 52인치 바디 블랙 날개 플랫B 우드,0
PB2138,르슈아 실링팬 52인치 바디 니켈 날개 일반형 화이트,0
PB2139,르슈아 실링팬 52인치 바디 니켈 날개 일반형 우드,0
PB2140,르슈아 실링팬 52인치 바디 니켈 날개 일반형 블랙,0
PB2141,르슈아 실링팬 52인치 바디 니켈 날개 플랫A 화이트,0
PB2142,르슈아 실링팬 52인치 바디 니켈 날개 플랫A 우드,0
PB2143,르슈아 실링팬 52인치 바디 니켈 날개 플랫B 화이트,0
PB2144,르슈아 실링팬 52인치 바디 니켈 날개 플랫B 우드,0
PB2145,르슈아 실링팬 52인치 삼색조명포함 바디 화이트 날개 일반형 화이트,0
PB2146,르슈아 실링팬 52인치 삼색조명포함 바디 화이트 날개 일반형 우드,0
PB2147,르슈아 실링팬 52인치 삼색조명포함 바디 화이트 날개 일반형 블랙,0
PB2148,르슈아 실링팬 52인치 삼색조명포함 바디 화이트 날개 플랫A 화이트,0
PB2149,르슈아 실링팬 52인치 삼색조명포함 바디 화이트 날개 플랫A 우드,0
PB2150,르슈아 실링팬 52인치 삼색조명포함 바디 화이트 날개 플랫B 화이트,0
PB2151,르슈아 실링팬 52인치 삼색조명포함 바디 화이트 날개 플랫B 우드,0
PB2152,누빔 핏2.5 2.5인치 다운라이트 전구색(3000K),0
PB2153,누빔 핏2.5 2.5인치 다운라이트 주백색(4000K),0
PB2154,누빔 핏2.5 2.5인치 다운라이트 주광색(5000K),0
PB2155,누빔 핏2 2인치 다운라이트 전구색(3000K),0
PB2156,누빔 핏2 2인치 다운라이트 주백색(4000K),0
PB2157,누빔 핏2 2인치 다운라이트 주광색(5000K),0
PB2158,동성 방수 델링 3인치 다운라이트 주백색(4000K),0
PB2159,플랫 로얀 센서 3인치 다운라이트 플리커로우 전구색(3000K),0
PB2160,플랫 로얀 센서 3인치 다운라이트 플리커로우 주백색(4000K),0
PB2165,누빔 T5 전원스위치(점등X),0
PB2166,누빔 T5 동작감지센서(점등X),0
PB2167,누빔 T5 마감캡,0
PB2168,누빔 T5 5W 300mm 전구색(3000K),0
PB2169,누빔 T5 5W 300mm 전주백색(3500K),0
PB2170,누빔 T5 5W 300mm 주백색(4000K),0
PB2171,누빔 T5 5W 300mm 주광색(6500K),0
PB2172,누빔 T5 7W 400mm 전구색(3000K),0
PB2173,누빔 T5 7W 400mm 전주백색(3500K),0
PB2174,누빔 T5 7W 400mm 주백색(4000K),0
PB2175,누빔 T5 7W 400mm 주광색(6500K),0
PB2176,누빔 T5 10W 600mm 전구색(3000K),0
PB2177,누빔 T5 10W 600mm 전주백색(3500K),0
PB2178,누빔 T5 10W 600mm 주백색(4000K),0
PB2179,누빔 T5 10W 600mm 주광색(6500K),0
PB2180,누빔 T5 15W 900mm 전구색(3000K),0
PB2181,누빔 T5 15W 900mm 전주백색(3500K),0
PB2182,누빔 T5 15W 900mm 주백색(4000K),0
PB2183,누빔 T5 15W 900mm 주광색(6500K),0
PB2184,누빔 T5 20W 1200mm 전구색(3000K),0
PB2185,누빔 T5 20W 1200mm 전주백색(3500K),0
PB2186,누빔 T5 20W 1200mm 주백색(4000K),0
PB2187,누빔 T5 20W 1200mm 주광색(6500K),0